Workbook

Sheet Bets
A1: BET DESC | C1: 225+ D | D1: DATE | E1: SPORT | F1: EVENT | G1: BUY-IN | P1: WIN | R1: TOTAL BUY-IN | S1: TOTAL PAYOUT | T1: ODDS | V1: BET PROPS | Z1: PAYOUT
A2: GTD | G2: WOLF | H2: FELIPE | I2: CHOI | J2: JO | K2: TRIGO | L2: HU | M2: BUENO | N2: NINHO | V2: NOW | W2: / | X2: PROP | Z2: WOLF | AA2: CHOI | AB2: FELIPE | AC2: JO | AD2: TRIGO | AE2: HU | AF2: BUENO | AG2: NINHO
A3: FALSE | D3: 45174 | E3: NFL | F3: 🏈 23-24 Futures | G3: 1 | H3: 1 | P3: FALSE | R3: =IF(G3 <> "",SUM(G3:O3),) -> 2 | S3: 22 | T3: =IFERROR(IF((S3-R3)>R444,"+"&ROUND(((S3-R3)/R3)*100,0),"-"&ROUND((S3/(R3-S3))*100, 0)),) -> +1000 | V3: =IF(ISBLANK($D3), "0",) | W3: =IF(ISBLANK($D3), "/",) | Z3: =IF(G3<>"", IF(AND($P3=FALSE, $A3=FALSE), -G3, IF(AND($P3=FALSE, $A3=TRUE), 0, IF($P3=TRUE, (G3 / $R3) * 100 * ($S3 / 100)-G3, ))), ) -> -1 | AA3: =IF(I3<>"", IF(AND($P3=FALSE, $A3=FALSE), -I3, IF(AND($P3=FALSE, $A3=TRUE), 0, IF($P3=TRUE, (I3 / $R3) * 100 * ($S3 / 100)-I3, ))), ) | AB3: =IF(H3<>"", IF(AND($P3=FALSE, $A3=FALSE), -H3, IF(AND($P3=FALSE, $A3=TRUE), 0, IF($P3=TRUE, (H3 / $R3) * 100 * ($S3 / 100)-H3, ))), ) -> -1 | AC3: =IF(J3<>"", IF(AND($P3=FALSE, $A3=FALSE), -J3, IF(AND($P3=FALSE, $A3=TRUE), 0, IF($P3=TRUE, (J3 / $R3) * 100 * ($S3 / 100)-J3, ))), ) | AD3: =IF(K3<>"", IF(AND($P3=FALSE, $A3=FALSE), -K3, IF(AND($P3=FALSE, $A3=TRUE), 0, IF($P3=TRUE, (K3 / $R3) * 100 * ($S3 / 100)-K3, ))), ) | AE3: =IF(L3<>"", IF(AND($P3=FALSE, $A3=FALSE), -L3, IF(AND($P3=FALSE, $A3=TRUE), 0, IF($P3=TRUE, (L3 / $R3) * 100 * ($S3 / 100)-L3, ))), ) | AF3: =IF(M3<>"", IF(AND($P3=FALSE, $A3=FALSE), -M3, IF(AND($P3=FALSE, $A3=TRUE), 0, IF($P3=TRUE, (M3 / $R3) * 100 * ($S3 / 100)-M3, ))), ) | AG3: =IF(N3<>"", IF(AND($P3=FALSE, $A3=FALSE), -N3, IF(AND($P3=FALSE, $A3=TRUE), 0, IF($P3=TRUE, (N3 / $R3) * 100 * ($S3 / 100)-N3, ))), )
A4: FALSE | P4: FALSE | R4: =IF(G4 <> "",SUM(G4:O4),) | V4: =IF(ISBLANK($D4), "0",) -> 0 | W4: =IF(ISBLANK($D4), "/",) -> / | X4: SB LVIII - SF 49ers | Z4: =IF(G4<>"", IF(AND($P4=FALSE, $A4=FALSE), -G4, IF(AND($P4=FALSE, $A4=TRUE), 0, IF($P4=TRUE, (G4 / $R4) * 100 * ($S4 / 100)-G4, ))), ) | AA4: =IF(I4<>"", IF(AND($P4=FALSE, $A4=FALSE), -I4, IF(AND($P4=FALSE, $A4=TRUE), 0, IF($P4=TRUE, (I4 / $R4) * 100 * ($S4 / 100)-I4, ))), ) | AB4: =IF(H4<>"", IF(AND($P4=FALSE, $A4=FALSE), -H4, IF(AND($P4=FALSE, $A4=TRUE), 0, IF($P4=TRUE, (H4 / $R4) * 100 * ($S4 / 100)-H4, ))), ) | AC4: =IF(J4<>"", IF(AND($P4=FALSE, $A4=FALSE), -J4, IF(AND($P4=FALSE, $A4=TRUE), 0, IF($P4=TRUE, (J4 / $R4) * 100 * ($S4 / 100)-J4, ))), ) | AD4: =IF(K4<>"", IF(AND($P4=FALSE, $A4=FALSE), -K4, IF(AND($P4=FALSE, $A4=TRUE), 0, IF($P4=TRUE, (K4 / $R4) * 100 * ($S4 / 100)-K4, ))), ) | AE4: =IF(L4<>"", IF(AND($P4=FALSE, $A4=FALSE), -L4, IF(AND($P4=FALSE, $A4=TRUE), 0, IF($P4=TRUE, (L4 / $R4) * 100 * ($S4 / 100)-L4, ))), ) | AF4: =IF(M4<>"", IF(AND($P4=FALSE, $A4=FALSE), -M4, IF(AND($P4=FALSE, $A4=TRUE), 0, IF($P4=TRUE, (M4 / $R4) * 100 * ($S4 / 100)-M4, ))), ) | AG4: =IF(N4<>"", IF(AND($P4=FALSE, $A4=FALSE), -N4, IF(AND($P4=FALSE, $A4=TRUE), 0, IF($P4=TRUE, (N4 / $R4) * 100 * ($S4 / 100)-N4, ))), )
A5: FALSE | D5: 45174 | E5: NFL | F5: 🏈 23-24 Futures | G5: 2 | P5: FALSE | R5: =IF(G5 <> "",SUM(G5:O5),) -> 2 | S5: 16 | T5: =IFERROR(IF((S5-R5)>R442,"+"&ROUND(((S5-R5)/R5)*100,0),"-"&ROUND((S5/(R5-S5))*100, 0)),) -> +700 | V5: =IF(ISBLANK($D5), "0",) | W5: =IF(ISBLANK($D5), "/",) | Z5: =IF(G5<>"", IF(AND($P5=FALSE, $A5=FALSE), -G5, IF(AND($P5=FALSE, $A5=TRUE), 0, IF($P5=TRUE, (G5 / $R5) * 100 * ($S5 / 100)-G5, ))), ) -> -2 | AA5: =IF(I5<>"", IF(AND($P5=FALSE, $A5=FALSE), -I5, IF(AND($P5=FALSE, $A5=TRUE), 0, IF($P5=TRUE, (I5 / $R5) * 100 * ($S5 / 100)-I5, ))), ) | AB5: =IF(H5<>"", IF(AND($P5=FALSE, $A5=FALSE), -H5, IF(AND($P5=FALSE, $A5=TRUE), 0, IF($P5=TRUE, (H5 / $R5) * 100 * ($S5 / 100)-H5, ))), ) | AC5: =IF(J5<>"", IF(AND($P5=FALSE, $A5=FALSE), -J5, IF(AND($P5=FALSE, $A5=TRUE), 0, IF($P5=TRUE, (J5 / $R5) * 100 * ($S5 / 100)-J5, ))), ) | AD5: =IF(K5<>"", IF(AND($P5=FALSE, $A5=FALSE), -K5, IF(AND($P5=FALSE, $A5=TRUE), 0, IF($P5=TRUE, (K5 / $R5) * 100 * ($S5 / 100)-K5, ))), ) | AE5: =IF(L5<>"", IF(AND($P5=FALSE, $A5=FALSE), -L5, IF(AND($P5=FALSE, $A5=TRUE), 0, IF($P5=TRUE, (L5 / $R5) * 100 * ($S5 / 100)-L5, ))), ) | AF5: =IF(M5<>"", IF(AND($P5=FALSE, $A5=FALSE), -M5, IF(AND($P5=FALSE, $A5=TRUE), 0, IF($P5=TRUE, (M5 / $R5) * 100 * ($S5 / 100)-M5, ))), ) | AG5: =IF(N5<>"", IF(AND($P5=FALSE, $A5=FALSE), -N5, IF(AND($P5=FALSE, $A5=TRUE), 0, IF($P5=TRUE, (N5 / $R5) * 100 * ($S5 / 100)-N5, ))), )
A6: FALSE | P6: FALSE | R6: =IF(G6 <> "",SUM(G6:O6),) | V6: =IF(ISBLANK($D6), "0",) -> 0 | W6: =IF(ISBLANK($D6), "/",) -> / | X6: B. Purdy | Z6: =IF(G6<>"", IF(AND($P6=FALSE, $A6=FALSE), -G6, IF(AND($P6=FALSE, $A6=TRUE), 0, IF($P6=TRUE, (G6 / $R6) * 100 * ($S6 / 100)-G6, ))), ) | AA6: =IF(I6<>"", IF(AND($P6=FALSE, $A6=FALSE), -I6, IF(AND($P6=FALSE, $A6=TRUE), 0, IF($P6=TRUE, (I6 / $R6) * 100 * ($S6 / 100)-I6, ))), ) | AB6: =IF(H6<>"", IF(AND($P6=FALSE, $A6=FALSE), -H6, IF(AND($P6=FALSE, $A6=TRUE), 0, IF($P6=TRUE, (H6 / $R6) * 100 * ($S6 / 100)-H6, ))), ) | AC6: =IF(J6<>"", IF(AND($P6=FALSE, $A6=FALSE), -J6, IF(AND($P6=FALSE, $A6=TRUE), 0, IF($P6=TRUE, (J6 / $R6) * 100 * ($S6 / 100)-J6, ))), ) | AD6: =IF(K6<>"", IF(AND($P6=FALSE, $A6=FALSE), -K6, IF(AND($P6=FALSE, $A6=TRUE), 0, IF($P6=TRUE, (K6 / $R6) * 100 * ($S6 / 100)-K6, ))), ) | AE6: =IF(L6<>"", IF(AND($P6=FALSE, $A6=FALSE), -L6, IF(AND($P6=FALSE, $A6=TRUE), 0, IF($P6=TRUE, (L6 / $R6) * 100 * ($S6 / 100)-L6, ))), ) | AF6: =IF(M6<>"", IF(AND($P6=FALSE, $A6=FALSE), -M6, IF(AND($P6=FALSE, $A6=TRUE), 0, IF($P6=TRUE, (M6 / $R6) * 100 * ($S6 / 100)-M6, ))), ) | AG6: =IF(N6<>"", IF(AND($P6=FALSE, $A6=FALSE), -N6, IF(AND($P6=FALSE, $A6=TRUE), 0, IF($P6=TRUE, (N6 / $R6) * 100 * ($S6 / 100)-N6, ))), )
A7: FALSE | D7: 45174 | E7: NFL | F7: 🏈 23-24 Futures | G7: 1.5 | H7: 1.5 | P7: TRUE | R7: 3 | S7: 10.5 | T7: +250 | Z7: =IF(G7<>"", IF(AND($P7=FALSE, $A7=FALSE), -G7, IF(AND($P7=FALSE, $A7=TRUE), 0, IF($P7=TRUE, (G7 / $R7) * 100 * ($S7 / 100)-G7, ))), ) -> 3.75 | AA7: =IF(I7<>"", IF(AND($P7=FALSE, $A7=FALSE), -I7, IF(AND($P7=FALSE, $A7=TRUE), 0, IF($P7=TRUE, (I7 / $R7) * 100 * ($S7 / 100)-I7, ))), ) | AB7: =IF(H7<>"", IF(AND($P7=FALSE, $A7=FALSE), -H7, IF(AND($P7=FALSE, $A7=TRUE), 0, IF($P7=TRUE, (H7 / $R7) * 100 * ($S7 / 100)-H7, ))), ) -> 3.75 | AC7: =IF(J7<>"", IF(AND($P7=FALSE, $A7=FALSE), -J7, IF(AND($P7=FALSE, $A7=TRUE), 0, IF($P7=TRUE, (J7 / $R7) * 100 * ($S7 / 100)-J7, ))), ) | AD7: =IF(K7<>"", IF(AND($P7=FALSE, $A7=FALSE), -K7, IF(AND($P7=FALSE, $A7=TRUE), 0, IF($P7=TRUE, (K7 / $R7) * 100 * ($S7 / 100)-K7, ))), ) | AE7: =IF(L7<>"", IF(AND($P7=FALSE, $A7=FALSE), -L7, IF(AND($P7=FALSE, $A7=TRUE), 0, IF($P7=TRUE, (L7 / $R7) * 100 * ($S7 / 100)-L7, ))), ) | AF7: =IF(M7<>"", IF(AND($P7=FALSE, $A7=FALSE), -M7, IF(AND($P7=FALSE, $A7=TRUE), 0, IF($P7=TRUE, (M7 / $R7) * 100 * ($S7 / 100)-M7, ))), ) | AG7: =IF(N7<>"", IF(AND($P7=FALSE, $A7=FALSE), -N7, IF(AND($P7=FALSE, $A7=TRUE), 0, IF($P7=TRUE, (N7 / $R7) * 100 * ($S7 / 100)-N7, ))), )
A8: FALSE | P8: FALSE | V8: ✅ | W8: / | X8: 10+ C. McCaffery rush TDs | Z8: =IF(G8<>"", IF(AND($P8=FALSE, $A8=FALSE), -G8, IF(AND($P8=FALSE, $A8=TRUE), 0, IF($P8=TRUE, (G8 / $R8) * 100 * ($S8 / 100)-G8, ))), ) | AA8: =IF(I8<>"", IF(AND($P8=FALSE, $A8=FALSE), -I8, IF(AND($P8=FALSE, $A8=TRUE), 0, IF($P8=TRUE, (I8 / $R8) * 100 * ($S8 / 100)-I8, ))), ) | AB8: =IF(H8<>"", IF(AND($P8=FALSE, $A8=FALSE), -H8, IF(AND($P8=FALSE, $A8=TRUE), 0, IF($P8=TRUE, (H8 / $R8) * 100 * ($S8 / 100)-H8, ))), ) | AC8: =IF(J8<>"", IF(AND($P8=FALSE, $A8=FALSE), -J8, IF(AND($P8=FALSE, $A8=TRUE), 0, IF($P8=TRUE, (J8 / $R8) * 100 * ($S8 / 100)-J8, ))), ) | AD8: =IF(K8<>"", IF(AND($P8=FALSE, $A8=FALSE), -K8, IF(AND($P8=FALSE, $A8=TRUE), 0, IF($P8=TRUE, (K8 / $R8) * 100 * ($S8 / 100)-K8, ))), ) | AE8: =IF(L8<>"", IF(AND($P8=FALSE, $A8=FALSE), -L8, IF(AND($P8=FALSE, $A8=TRUE), 0, IF($P8=TRUE, (L8 / $R8) * 100 * ($S8 / 100)-L8, ))), ) | AF8: =IF(M8<>"", IF(AND($P8=FALSE, $A8=FALSE), -M8, IF(AND($P8=FALSE, $A8=TRUE), 0, IF($P8=TRUE, (M8 / $R8) * 100 * ($S8 / 100)-M8, ))), ) | AG8: =IF(N8<>"", IF(AND($P8=FALSE, $A8=FALSE), -N8, IF(AND($P8=FALSE, $A8=TRUE), 0, IF($P8=TRUE, (N8 / $R8) * 100 * ($S8 / 100)-N8, ))), )
A9: FALSE | D9: 45174 | E9: NFL | F9: 🏈 23-24 Futures | G9: 0.5 | H9: 0.5 | I9: 2 | P9: FALSE | R9: 3 | S9: 57 | T9: +1800 | Z9: =IF(G9<>"", IF(AND($P9=FALSE, $A9=FALSE), -G9, IF(AND($P9=FALSE, $A9=TRUE), 0, IF($P9=TRUE, (G9 / $R9) * 100 * ($S9 / 100)-G9, ))), ) -> -0.5 | AA9: =IF(I9<>"", IF(AND($P9=FALSE, $A9=FALSE), -I9, IF(AND($P9=FALSE, $A9=TRUE), 0, IF($P9=TRUE, (I9 / $R9) * 100 * ($S9 / 100)-I9, ))), ) -> -2 | AB9: =IF(H9<>"", IF(AND($P9=FALSE, $A9=FALSE), -H9, IF(AND($P9=FALSE, $A9=TRUE), 0, IF($P9=TRUE, (H9 / $R9) * 100 * ($S9 / 100)-H9, ))), ) -> -0.5 | AC9: =IF(J9<>"", IF(AND($P9=FALSE, $A9=FALSE), -J9, IF(AND($P9=FALSE, $A9=TRUE), 0, IF($P9=TRUE, (J9 / $R9) * 100 * ($S9 / 100)-J9, ))), ) | AD9: =IF(K9<>"", IF(AND($P9=FALSE, $A9=FALSE), -K9, IF(AND($P9=FALSE, $A9=TRUE), 0, IF($P9=TRUE, (K9 / $R9) * 100 * ($S9 / 100)-K9, ))), ) | AE9: =IF(L9<>"", IF(AND($P9=FALSE, $A9=FALSE), -L9, IF(AND($P9=FALSE, $A9=TRUE), 0, IF($P9=TRUE, (L9 / $R9) * 100 * ($S9 / 100)-L9, ))), ) | AF9: =IF(M9<>"", IF(AND($P9=FALSE, $A9=FALSE), -M9, IF(AND($P9=FALSE, $A9=TRUE), 0, IF($P9=TRUE, (M9 / $R9) * 100 * ($S9 / 100)-M9, ))), ) | AG9: =IF(N9<>"", IF(AND($P9=FALSE, $A9=FALSE), -N9, IF(AND($P9=FALSE, $A9=TRUE), 0, IF($P9=TRUE, (N9 / $R9) * 100 * ($S9 / 100)-N9, ))), )
A10: FALSE | P10: FALSE | V10: ❌ | W10: / | X10: T. Lawrence most total pass yds | Z10: =IF(G10<>"", IF(AND($P10=FALSE, $A10=FALSE), -G10, IF(AND($P10=FALSE, $A10=TRUE), 0, IF($P10=TRUE, (G10 / $R10) * 100 * ($S10 / 100)-G10, ))), ) | AA10: =IF(I10<>"", IF(AND($P10=FALSE, $A10=FALSE), -I10, IF(AND($P10=FALSE, $A10=TRUE), 0, IF($P10=TRUE, (I10 / $R10) * 100 * ($S10 / 100)-I10, ))), ) | AB10: =IF(H10<>"", IF(AND($P10=FALSE, $A10=FALSE), -H10, IF(AND($P10=FALSE, $A10=TRUE), 0, IF($P10=TRUE, (H10 / $R10) * 100 * ($S10 / 100)-H10, ))), ) | AC10: =IF(J10<>"", IF(AND($P10=FALSE, $A10=FALSE), -J10, IF(AND($P10=FALSE, $A10=TRUE), 0, IF($P10=TRUE, (J10 / $R10) * 100 * ($S10 / 100)-J10, ))), ) | AD10: =IF(K10<>"", IF(AND($P10=FALSE, $A10=FALSE), -K10, IF(AND($P10=FALSE, $A10=TRUE), 0, IF($P10=TRUE, (K10 / $R10) * 100 * ($S10 / 100)-K10, ))), ) | AE10: =IF(L10<>"", IF(AND($P10=FALSE, $A10=FALSE), -L10, IF(AND($P10=FALSE, $A10=TRUE), 0, IF($P10=TRUE, (L10 / $R10) * 100 * ($S10 / 100)-L10, ))), ) | AF10: =IF(M10<>"", IF(AND($P10=FALSE, $A10=FALSE), -M10, IF(AND($P10=FALSE, $A10=TRUE), 0, IF($P10=TRUE, (M10 / $R10) * 100 * ($S10 / 100)-M10, ))), ) | AG10: =IF(N10<>"", IF(AND($P10=FALSE, $A10=FALSE), -N10, IF(AND($P10=FALSE, $A10=TRUE), 0, IF($P10=TRUE, (N10 / $R10) * 100 * ($S10 / 100)-N10, ))), )
A11: FALSE | D11: 45174 | E11: NFL | F11: 🏈 23-24 Futures | G11: 1 | H11: 1 | I11: 1 | P11: FALSE | R11: 3 | S11: 25.5 | T11: +750 | Z11: =IF(G11<>"", IF(AND($P11=FALSE, $A11=FALSE), -G11, IF(AND($P11=FALSE, $A11=TRUE), 0, IF($P11=TRUE, (G11 / $R11) * 100 * ($S11 / 100)-G11, ))), ) -> -1 | AA11: =IF(I11<>"", IF(AND($P11=FALSE, $A11=FALSE), -I11, IF(AND($P11=FALSE, $A11=TRUE), 0, IF($P11=TRUE, (I11 / $R11) * 100 * ($S11 / 100)-I11, ))), ) -> -1 | AB11: =IF(H11<>"", IF(AND($P11=FALSE, $A11=FALSE), -H11, IF(AND($P11=FALSE, $A11=TRUE), 0, IF($P11=TRUE, (H11 / $R11) * 100 * ($S11 / 100)-H11, ))), ) -> -1 | AC11: =IF(J11<>"", IF(AND($P11=FALSE, $A11=FALSE), -J11, IF(AND($P11=FALSE, $A11=TRUE), 0, IF($P11=TRUE, (J11 / $R11) * 100 * ($S11 / 100)-J11, ))), ) | AD11: =IF(K11<>"", IF(AND($P11=FALSE, $A11=FALSE), -K11, IF(AND($P11=FALSE, $A11=TRUE), 0, IF($P11=TRUE, (K11 / $R11) * 100 * ($S11 / 100)-K11, ))), ) | AE11: =IF(L11<>"", IF(AND($P11=FALSE, $A11=FALSE), -L11, IF(AND($P11=FALSE, $A11=TRUE), 0, IF($P11=TRUE, (L11 / $R11) * 100 * ($S11 / 100)-L11, ))), ) | AF11: =IF(M11<>"", IF(AND($P11=FALSE, $A11=FALSE), -M11, IF(AND($P11=FALSE, $A11=TRUE), 0, IF($P11=TRUE, (M11 / $R11) * 100 * ($S11 / 100)-M11, ))), ) | AG11: =IF(N11<>"", IF(AND($P11=FALSE, $A11=FALSE), -N11, IF(AND($P11=FALSE, $A11=TRUE), 0, IF($P11=TRUE, (N11 / $R11) * 100 * ($S11 / 100)-N11, ))), )
A12: FALSE | P12: FALSE | V12: ❌ | W12: / | X12: N. Bosa most sacks | Z12: =IF(G12<>"", IF(AND($P12=FALSE, $A12=FALSE), -G12, IF(AND($P12=FALSE, $A12=TRUE), 0, IF($P12=TRUE, (G12 / $R12) * 100 * ($S12 / 100)-G12, ))), ) | AA12: =IF(I12<>"", IF(AND($P12=FALSE, $A12=FALSE), -I12, IF(AND($P12=FALSE, $A12=TRUE), 0, IF($P12=TRUE, (I12 / $R12) * 100 * ($S12 / 100)-I12, ))), ) | AB12: =IF(H12<>"", IF(AND($P12=FALSE, $A12=FALSE), -H12, IF(AND($P12=FALSE, $A12=TRUE), 0, IF($P12=TRUE, (H12 / $R12) * 100 * ($S12 / 100)-H12, ))), ) | AC12: =IF(J12<>"", IF(AND($P12=FALSE, $A12=FALSE), -J12, IF(AND($P12=FALSE, $A12=TRUE), 0, IF($P12=TRUE, (J12 / $R12) * 100 * ($S12 / 100)-J12, ))), ) | AD12: =IF(K12<>"", IF(AND($P12=FALSE, $A12=FALSE), -K12, IF(AND($P12=FALSE, $A12=TRUE), 0, IF($P12=TRUE, (K12 / $R12) * 100 * ($S12 / 100)-K12, ))), ) | AE12: =IF(L12<>"", IF(AND($P12=FALSE, $A12=FALSE), -L12, IF(AND($P12=FALSE, $A12=TRUE), 0, IF($P12=TRUE, (L12 / $R12) * 100 * ($S12 / 100)-L12, ))), ) | AF12: =IF(M12<>"", IF(AND($P12=FALSE, $A12=FALSE), -M12, IF(AND($P12=FALSE, $A12=TRUE), 0, IF($P12=TRUE, (M12 / $R12) * 100 * ($S12 / 100)-M12, ))), ) | AG12: =IF(N12<>"", IF(AND($P12=FALSE, $A12=FALSE), -N12, IF(AND($P12=FALSE, $A12=TRUE), 0, IF($P12=TRUE, (N12 / $R12) * 100 * ($S12 / 100)-N12, ))), )
A13: FALSE | D13: 45174 | E13: NFL | F13: 🏈 23-24 Futures | G13: 1.5 | H13: 1.5 | I13: 1 | P13: FALSE | R13: 4 | S13: 12.89 | T13: +222 | Z13: =IF(G13<>"", IF(AND($P13=FALSE, $A13=FALSE), -G13, IF(AND($P13=FALSE, $A13=TRUE), 0, IF($P13=TRUE, (G13 / $R13) * 100 * ($S13 / 100)-G13, ))), ) -> -1.5 | AA13: =IF(I13<>"", IF(AND($P13=FALSE, $A13=FALSE), -I13, IF(AND($P13=FALSE, $A13=TRUE), 0, IF($P13=TRUE, (I13 / $R13) * 100 * ($S13 / 100)-I13, ))), ) -> -1 | AB13: =IF(H13<>"", IF(AND($P13=FALSE, $A13=FALSE), -H13, IF(AND($P13=FALSE, $A13=TRUE), 0, IF($P13=TRUE, (H13 / $R13) * 100 * ($S13 / 100)-H13, ))), ) -> -1.5 | AC13: =IF(J13<>"", IF(AND($P13=FALSE, $A13=FALSE), -J13, IF(AND($P13=FALSE, $A13=TRUE), 0, IF($P13=TRUE, (J13 / $R13) * 100 * ($S13 / 100)-J13, ))), ) | AD13: =IF(K13<>"", IF(AND($P13=FALSE, $A13=FALSE), -K13, IF(AND($P13=FALSE, $A13=TRUE), 0, IF($P13=TRUE, (K13 / $R13) * 100 * ($S13 / 100)-K13, ))), ) | AE13: =IF(L13<>"", IF(AND($P13=FALSE, $A13=FALSE), -L13, IF(AND($P13=FALSE, $A13=TRUE), 0, IF($P13=TRUE, (L13 / $R13) * 100 * ($S13 / 100)-L13, ))), ) | AF13: =IF(M13<>"", IF(AND($P13=FALSE, $A13=FALSE), -M13, IF(AND($P13=FALSE, $A13=TRUE), 0, IF($P13=TRUE, (M13 / $R13) * 100 * ($S13 / 100)-M13, ))), ) | AG13: =IF(N13<>"", IF(AND($P13=FALSE, $A13=FALSE), -N13, IF(AND($P13=FALSE, $A13=TRUE), 0, IF($P13=TRUE, (N13 / $R13) * 100 * ($S13 / 100)-N13, ))), )
A14: FALSE | P14: FALSE | V14: ❌ | W14: / | X14: 30+ Pass TD - J. Allen | Z14: =IF(G14<>"", IF(AND($P14=FALSE, $A14=FALSE), -G14, IF(AND($P14=FALSE, $A14=TRUE), 0, IF($P14=TRUE, (G14 / $R14) * 100 * ($S14 / 100)-G14, ))), ) | AA14: =IF(I14<>"", IF(AND($P14=FALSE, $A14=FALSE), -I14, IF(AND($P14=FALSE, $A14=TRUE), 0, IF($P14=TRUE, (I14 / $R14) * 100 * ($S14 / 100)-I14, ))), ) | AB14: =IF(H14<>"", IF(AND($P14=FALSE, $A14=FALSE), -H14, IF(AND($P14=FALSE, $A14=TRUE), 0, IF($P14=TRUE, (H14 / $R14) * 100 * ($S14 / 100)-H14, ))), ) | AC14: =IF(J14<>"", IF(AND($P14=FALSE, $A14=FALSE), -J14, IF(AND($P14=FALSE, $A14=TRUE), 0, IF($P14=TRUE, (J14 / $R14) * 100 * ($S14 / 100)-J14, ))), ) | AD14: =IF(K14<>"", IF(AND($P14=FALSE, $A14=FALSE), -K14, IF(AND($P14=FALSE, $A14=TRUE), 0, IF($P14=TRUE, (K14 / $R14) * 100 * ($S14 / 100)-K14, ))), ) | AE14: =IF(L14<>"", IF(AND($P14=FALSE, $A14=FALSE), -L14, IF(AND($P14=FALSE, $A14=TRUE), 0, IF($P14=TRUE, (L14 / $R14) * 100 * ($S14 / 100)-L14, ))), ) | AF14: =IF(M14<>"", IF(AND($P14=FALSE, $A14=FALSE), -M14, IF(AND($P14=FALSE, $A14=TRUE), 0, IF($P14=TRUE, (M14 / $R14) * 100 * ($S14 / 100)-M14, ))), ) | AG14: =IF(N14<>"", IF(AND($P14=FALSE, $A14=FALSE), -N14, IF(AND($P14=FALSE, $A14=TRUE), 0, IF($P14=TRUE, (N14 / $R14) * 100 * ($S14 / 100)-N14, ))), )
A15: FALSE | P15: FALSE | V15: ❌ | W15: / | X15: 30+ Pass TD - J. Burrow | Z15: =IF(G15<>"", IF(AND($P15=FALSE, $A15=FALSE), -G15, IF(AND($P15=FALSE, $A15=TRUE), 0, IF($P15=TRUE, (G15 / $R15) * 100 * ($S15 / 100)-G15, ))), ) | AA15: =IF(I15<>"", IF(AND($P15=FALSE, $A15=FALSE), -I15, IF(AND($P15=FALSE, $A15=TRUE), 0, IF($P15=TRUE, (I15 / $R15) * 100 * ($S15 / 100)-I15, ))), ) | AB15: =IF(H15<>"", IF(AND($P15=FALSE, $A15=FALSE), -H15, IF(AND($P15=FALSE, $A15=TRUE), 0, IF($P15=TRUE, (H15 / $R15) * 100 * ($S15 / 100)-H15, ))), ) | AC15: =IF(J15<>"", IF(AND($P15=FALSE, $A15=FALSE), -J15, IF(AND($P15=FALSE, $A15=TRUE), 0, IF($P15=TRUE, (J15 / $R15) * 100 * ($S15 / 100)-J15, ))), ) | AD15: =IF(K15<>"", IF(AND($P15=FALSE, $A15=FALSE), -K15, IF(AND($P15=FALSE, $A15=TRUE), 0, IF($P15=TRUE, (K15 / $R15) * 100 * ($S15 / 100)-K15, ))), ) | AE15: =IF(L15<>"", IF(AND($P15=FALSE, $A15=FALSE), -L15, IF(AND($P15=FALSE, $A15=TRUE), 0, IF($P15=TRUE, (L15 / $R15) * 100 * ($S15 / 100)-L15, ))), ) | AF15: =IF(M15<>"", IF(AND($P15=FALSE, $A15=FALSE), -M15, IF(AND($P15=FALSE, $A15=TRUE), 0, IF($P15=TRUE, (M15 / $R15) * 100 * ($S15 / 100)-M15, ))), ) | AG15: =IF(N15<>"", IF(AND($P15=FALSE, $A15=FALSE), -N15, IF(AND($P15=FALSE, $A15=TRUE), 0, IF($P15=TRUE, (N15 / $R15) * 100 * ($S15 / 100)-N15, ))), )
A16: FALSE | P16: FALSE | V16: ❌ | W16: / | X16: 30+ Pass TD -J. Herbert | Z16: =IF(G16<>"", IF(AND($P16=FALSE, $A16=FALSE), -G16, IF(AND($P16=FALSE, $A16=TRUE), 0, IF($P16=TRUE, (G16 / $R16) * 100 * ($S16 / 100)-G16, ))), ) | AA16: =IF(I16<>"", IF(AND($P16=FALSE, $A16=FALSE), -I16, IF(AND($P16=FALSE, $A16=TRUE), 0, IF($P16=TRUE, (I16 / $R16) * 100 * ($S16 / 100)-I16, ))), ) | AB16: =IF(H16<>"", IF(AND($P16=FALSE, $A16=FALSE), -H16, IF(AND($P16=FALSE, $A16=TRUE), 0, IF($P16=TRUE, (H16 / $R16) * 100 * ($S16 / 100)-H16, ))), ) | AC16: =IF(J16<>"", IF(AND($P16=FALSE, $A16=FALSE), -J16, IF(AND($P16=FALSE, $A16=TRUE), 0, IF($P16=TRUE, (J16 / $R16) * 100 * ($S16 / 100)-J16, ))), ) | AD16: =IF(K16<>"", IF(AND($P16=FALSE, $A16=FALSE), -K16, IF(AND($P16=FALSE, $A16=TRUE), 0, IF($P16=TRUE, (K16 / $R16) * 100 * ($S16 / 100)-K16, ))), ) | AE16: =IF(L16<>"", IF(AND($P16=FALSE, $A16=FALSE), -L16, IF(AND($P16=FALSE, $A16=TRUE), 0, IF($P16=TRUE, (L16 / $R16) * 100 * ($S16 / 100)-L16, ))), ) | AF16: =IF(M16<>"", IF(AND($P16=FALSE, $A16=FALSE), -M16, IF(AND($P16=FALSE, $A16=TRUE), 0, IF($P16=TRUE, (M16 / $R16) * 100 * ($S16 / 100)-M16, ))), ) | AG16: =IF(N16<>"", IF(AND($P16=FALSE, $A16=FALSE), -N16, IF(AND($P16=FALSE, $A16=TRUE), 0, IF($P16=TRUE, (N16 / $R16) * 100 * ($S16 / 100)-N16, ))), )
A17: FALSE | D17: 45174 | E17: NFL | F17: 🏈 23-24 Futures | G17: 1 | H17: 1 | I17: 1 | P17: FALSE | R17: 3 | S17: 14.82 | T17: +394 | Z17: =IF(G17<>"", IF(AND($P17=FALSE, $A17=FALSE), -G17, IF(AND($P17=FALSE, $A17=TRUE), 0, IF($P17=TRUE, (G17 / $R17) * 100 * ($S17 / 100)-G17, ))), ) -> -1 | AA17: =IF(I17<>"", IF(AND($P17=FALSE, $A17=FALSE), -I17, IF(AND($P17=FALSE, $A17=TRUE), 0, IF($P17=TRUE, (I17 / $R17) * 100 * ($S17 / 100)-I17, ))), ) -> -1 | AB17: =IF(H17<>"", IF(AND($P17=FALSE, $A17=FALSE), -H17, IF(AND($P17=FALSE, $A17=TRUE), 0, IF($P17=TRUE, (H17 / $R17) * 100 * ($S17 / 100)-H17, ))), ) -> -1 | AC17: =IF(J17<>"", IF(AND($P17=FALSE, $A17=FALSE), -J17, IF(AND($P17=FALSE, $A17=TRUE), 0, IF($P17=TRUE, (J17 / $R17) * 100 * ($S17 / 100)-J17, ))), ) | AD17: =IF(K17<>"", IF(AND($P17=FALSE, $A17=FALSE), -K17, IF(AND($P17=FALSE, $A17=TRUE), 0, IF($P17=TRUE, (K17 / $R17) * 100 * ($S17 / 100)-K17, ))), ) | AE17: =IF(L17<>"", IF(AND($P17=FALSE, $A17=FALSE), -L17, IF(AND($P17=FALSE, $A17=TRUE), 0, IF($P17=TRUE, (L17 / $R17) * 100 * ($S17 / 100)-L17, ))), ) | AF17: =IF(M17<>"", IF(AND($P17=FALSE, $A17=FALSE), -M17, IF(AND($P17=FALSE, $A17=TRUE), 0, IF($P17=TRUE, (M17 / $R17) * 100 * ($S17 / 100)-M17, ))), ) | AG17: =IF(N17<>"", IF(AND($P17=FALSE, $A17=FALSE), -N17, IF(AND($P17=FALSE, $A17=TRUE), 0, IF($P17=TRUE, (N17 / $R17) * 100 * ($S17 / 100)-N17, ))), )
A18: FALSE | P18: FALSE | V18: ❌ | W18: / | X18: JAX Jaguars | Z18: =IF(G18<>"", IF(AND($P18=FALSE, $A18=FALSE), -G18, IF(AND($P18=FALSE, $A18=TRUE), 0, IF($P18=TRUE, (G18 / $R18) * 100 * ($S18 / 100)-G18, ))), ) | AA18: =IF(I18<>"", IF(AND($P18=FALSE, $A18=FALSE), -I18, IF(AND($P18=FALSE, $A18=TRUE), 0, IF($P18=TRUE, (I18 / $R18) * 100 * ($S18 / 100)-I18, ))), ) | AB18: =IF(H18<>"", IF(AND($P18=FALSE, $A18=FALSE), -H18, IF(AND($P18=FALSE, $A18=TRUE), 0, IF($P18=TRUE, (H18 / $R18) * 100 * ($S18 / 100)-H18, ))), ) | AC18: =IF(J18<>"", IF(AND($P18=FALSE, $A18=FALSE), -J18, IF(AND($P18=FALSE, $A18=TRUE), 0, IF($P18=TRUE, (J18 / $R18) * 100 * ($S18 / 100)-J18, ))), ) | AD18: =IF(K18<>"", IF(AND($P18=FALSE, $A18=FALSE), -K18, IF(AND($P18=FALSE, $A18=TRUE), 0, IF($P18=TRUE, (K18 / $R18) * 100 * ($S18 / 100)-K18, ))), ) | AE18: =IF(L18<>"", IF(AND($P18=FALSE, $A18=FALSE), -L18, IF(AND($P18=FALSE, $A18=TRUE), 0, IF($P18=TRUE, (L18 / $R18) * 100 * ($S18 / 100)-L18, ))), ) | AF18: =IF(M18<>"", IF(AND($P18=FALSE, $A18=FALSE), -M18, IF(AND($P18=FALSE, $A18=TRUE), 0, IF($P18=TRUE, (M18 / $R18) * 100 * ($S18 / 100)-M18, ))), ) | AG18: =IF(N18<>"", IF(AND($P18=FALSE, $A18=FALSE), -N18, IF(AND($P18=FALSE, $A18=TRUE), 0, IF($P18=TRUE, (N18 / $R18) * 100 * ($S18 / 100)-N18, ))), )
A19: FALSE | P19: FALSE | V19: ❌ | W19: / | X19: PHI Eagles | Z19: =IF(G19<>"", IF(AND($P19=FALSE, $A19=FALSE), -G19, IF(AND($P19=FALSE, $A19=TRUE), 0, IF($P19=TRUE, (G19 / $R19) * 100 * ($S19 / 100)-G19, ))), ) | AA19: =IF(I19<>"", IF(AND($P19=FALSE, $A19=FALSE), -I19, IF(AND($P19=FALSE, $A19=TRUE), 0, IF($P19=TRUE, (I19 / $R19) * 100 * ($S19 / 100)-I19, ))), ) | AB19: =IF(H19<>"", IF(AND($P19=FALSE, $A19=FALSE), -H19, IF(AND($P19=FALSE, $A19=TRUE), 0, IF($P19=TRUE, (H19 / $R19) * 100 * ($S19 / 100)-H19, ))), ) | AC19: =IF(J19<>"", IF(AND($P19=FALSE, $A19=FALSE), -J19, IF(AND($P19=FALSE, $A19=TRUE), 0, IF($P19=TRUE, (J19 / $R19) * 100 * ($S19 / 100)-J19, ))), ) | AD19: =IF(K19<>"", IF(AND($P19=FALSE, $A19=FALSE), -K19, IF(AND($P19=FALSE, $A19=TRUE), 0, IF($P19=TRUE, (K19 / $R19) * 100 * ($S19 / 100)-K19, ))), ) | AE19: =IF(L19<>"", IF(AND($P19=FALSE, $A19=FALSE), -L19, IF(AND($P19=FALSE, $A19=TRUE), 0, IF($P19=TRUE, (L19 / $R19) * 100 * ($S19 / 100)-L19, ))), ) | AF19: =IF(M19<>"", IF(AND($P19=FALSE, $A19=FALSE), -M19, IF(AND($P19=FALSE, $A19=TRUE), 0, IF($P19=TRUE, (M19 / $R19) * 100 * ($S19 / 100)-M19, ))), ) | AG19: =IF(N19<>"", IF(AND($P19=FALSE, $A19=FALSE), -N19, IF(AND($P19=FALSE, $A19=TRUE), 0, IF($P19=TRUE, (N19 / $R19) * 100 * ($S19 / 100)-N19, ))), )
A20: FALSE | P20: FALSE | V20: ✅ | W20: / | X20: SF 49ers | Z20: =IF(G20<>"", IF(AND($P20=FALSE, $A20=FALSE), -G20, IF(AND($P20=FALSE, $A20=TRUE), 0, IF($P20=TRUE, (G20 / $R20) * 100 * ($S20 / 100)-G20, ))), ) | AA20: =IF(I20<>"", IF(AND($P20=FALSE, $A20=FALSE), -I20, IF(AND($P20=FALSE, $A20=TRUE), 0, IF($P20=TRUE, (I20 / $R20) * 100 * ($S20 / 100)-I20, ))), ) | AB20: =IF(H20<>"", IF(AND($P20=FALSE, $A20=FALSE), -H20, IF(AND($P20=FALSE, $A20=TRUE), 0, IF($P20=TRUE, (H20 / $R20) * 100 * ($S20 / 100)-H20, ))), ) | AC20: =IF(J20<>"", IF(AND($P20=FALSE, $A20=FALSE), -J20, IF(AND($P20=FALSE, $A20=TRUE), 0, IF($P20=TRUE, (J20 / $R20) * 100 * ($S20 / 100)-J20, ))), ) | AD20: =IF(K20<>"", IF(AND($P20=FALSE, $A20=FALSE), -K20, IF(AND($P20=FALSE, $A20=TRUE), 0, IF($P20=TRUE, (K20 / $R20) * 100 * ($S20 / 100)-K20, ))), ) | AE20: =IF(L20<>"", IF(AND($P20=FALSE, $A20=FALSE), -L20, IF(AND($P20=FALSE, $A20=TRUE), 0, IF($P20=TRUE, (L20 / $R20) * 100 * ($S20 / 100)-L20, ))), ) | AF20: =IF(M20<>"", IF(AND($P20=FALSE, $A20=FALSE), -M20, IF(AND($P20=FALSE, $A20=TRUE), 0, IF($P20=TRUE, (M20 / $R20) * 100 * ($S20 / 100)-M20, ))), ) | AG20: =IF(N20<>"", IF(AND($P20=FALSE, $A20=FALSE), -N20, IF(AND($P20=FALSE, $A20=TRUE), 0, IF($P20=TRUE, (N20 / $R20) * 100 * ($S20 / 100)-N20, ))), )
A21: FALSE | D21: 45174 | E21: NFL | F21: 🏈 23-24 Futures | G21: 1 | H21: 1 | P21: FALSE | R21: 2 | S21: 5 | T21: +150 | Z21: =IF(G21<>"", IF(AND($P21=FALSE, $A21=FALSE), -G21, IF(AND($P21=FALSE, $A21=TRUE), 0, IF($P21=TRUE, (G21 / $R21) * 100 * ($S21 / 100)-G21, ))), ) -> -1 | AA21: =IF(I21<>"", IF(AND($P21=FALSE, $A21=FALSE), -I21, IF(AND($P21=FALSE, $A21=TRUE), 0, IF($P21=TRUE, (I21 / $R21) * 100 * ($S21 / 100)-I21, ))), ) | AB21: =IF(H21<>"", IF(AND($P21=FALSE, $A21=FALSE), -H21, IF(AND($P21=FALSE, $A21=TRUE), 0, IF($P21=TRUE, (H21 / $R21) * 100 * ($S21 / 100)-H21, ))), ) -> -1 | AC21: =IF(J21<>"", IF(AND($P21=FALSE, $A21=FALSE), -J21, IF(AND($P21=FALSE, $A21=TRUE), 0, IF($P21=TRUE, (J21 / $R21) * 100 * ($S21 / 100)-J21, ))), ) | AD21: =IF(K21<>"", IF(AND($P21=FALSE, $A21=FALSE), -K21, IF(AND($P21=FALSE, $A21=TRUE), 0, IF($P21=TRUE, (K21 / $R21) * 100 * ($S21 / 100)-K21, ))), ) | AE21: =IF(L21<>"", IF(AND($P21=FALSE, $A21=FALSE), -L21, IF(AND($P21=FALSE, $A21=TRUE), 0, IF($P21=TRUE, (L21 / $R21) * 100 * ($S21 / 100)-L21, ))), ) | AF21: =IF(M21<>"", IF(AND($P21=FALSE, $A21=FALSE), -M21, IF(AND($P21=FALSE, $A21=TRUE), 0, IF($P21=TRUE, (M21 / $R21) * 100 * ($S21 / 100)-M21, ))), ) | AG21: =IF(N21<>"", IF(AND($P21=FALSE, $A21=FALSE), -N21, IF(AND($P21=FALSE, $A21=TRUE), 0, IF($P21=TRUE, (N21 / $R21) * 100 * ($S21 / 100)-N21, ))), )
A22: FALSE | P22: FALSE | V22: ❌ | W22: / | X22: 2+ N. Bosa sacks in 3+ Reg Season gm | Z22: =IF(G22<>"", IF(AND($P22=FALSE, $A22=FALSE), -G22, IF(AND($P22=FALSE, $A22=TRUE), 0, IF($P22=TRUE, (G22 / $R22) * 100 * ($S22 / 100)-G22, ))), ) | AA22: =IF(I22<>"", IF(AND($P22=FALSE, $A22=FALSE), -I22, IF(AND($P22=FALSE, $A22=TRUE), 0, IF($P22=TRUE, (I22 / $R22) * 100 * ($S22 / 100)-I22, ))), ) | AB22: =IF(H22<>"", IF(AND($P22=FALSE, $A22=FALSE), -H22, IF(AND($P22=FALSE, $A22=TRUE), 0, IF($P22=TRUE, (H22 / $R22) * 100 * ($S22 / 100)-H22, ))), ) | AC22: =IF(J22<>"", IF(AND($P22=FALSE, $A22=FALSE), -J22, IF(AND($P22=FALSE, $A22=TRUE), 0, IF($P22=TRUE, (J22 / $R22) * 100 * ($S22 / 100)-J22, ))), ) | AD22: =IF(K22<>"", IF(AND($P22=FALSE, $A22=FALSE), -K22, IF(AND($P22=FALSE, $A22=TRUE), 0, IF($P22=TRUE, (K22 / $R22) * 100 * ($S22 / 100)-K22, ))), ) | AE22: =IF(L22<>"", IF(AND($P22=FALSE, $A22=FALSE), -L22, IF(AND($P22=FALSE, $A22=TRUE), 0, IF($P22=TRUE, (L22 / $R22) * 100 * ($S22 / 100)-L22, ))), ) | AF22: =IF(M22<>"", IF(AND($P22=FALSE, $A22=FALSE), -M22, IF(AND($P22=FALSE, $A22=TRUE), 0, IF($P22=TRUE, (M22 / $R22) * 100 * ($S22 / 100)-M22, ))), ) | AG22: =IF(N22<>"", IF(AND($P22=FALSE, $A22=FALSE), -N22, IF(AND($P22=FALSE, $A22=TRUE), 0, IF($P22=TRUE, (N22 / $R22) * 100 * ($S22 / 100)-N22, ))), )
A23: FALSE | D23: 45174 | E23: NFL | F23: 🏈 23-24 Futures | G23: 1 | H23: 1 | P23: FALSE | R23: 2 | S23: 15 | T23: +650 | Z23: =IF(G23<>"", IF(AND($P23=FALSE, $A23=FALSE), -G23, IF(AND($P23=FALSE, $A23=TRUE), 0, IF($P23=TRUE, (G23 / $R23) * 100 * ($S23 / 100)-G23, ))), ) -> -1 | AA23: =IF(I23<>"", IF(AND($P23=FALSE, $A23=FALSE), -I23, IF(AND($P23=FALSE, $A23=TRUE), 0, IF($P23=TRUE, (I23 / $R23) * 100 * ($S23 / 100)-I23, ))), ) | AB23: =IF(H23<>"", IF(AND($P23=FALSE, $A23=FALSE), -H23, IF(AND($P23=FALSE, $A23=TRUE), 0, IF($P23=TRUE, (H23 / $R23) * 100 * ($S23 / 100)-H23, ))), ) -> -1 | AC23: =IF(J23<>"", IF(AND($P23=FALSE, $A23=FALSE), -J23, IF(AND($P23=FALSE, $A23=TRUE), 0, IF($P23=TRUE, (J23 / $R23) * 100 * ($S23 / 100)-J23, ))), ) | AD23: =IF(K23<>"", IF(AND($P23=FALSE, $A23=FALSE), -K23, IF(AND($P23=FALSE, $A23=TRUE), 0, IF($P23=TRUE, (K23 / $R23) * 100 * ($S23 / 100)-K23, ))), ) | AE23: =IF(L23<>"", IF(AND($P23=FALSE, $A23=FALSE), -L23, IF(AND($P23=FALSE, $A23=TRUE), 0, IF($P23=TRUE, (L23 / $R23) * 100 * ($S23 / 100)-L23, ))), ) | AF23: =IF(M23<>"", IF(AND($P23=FALSE, $A23=FALSE), -M23, IF(AND($P23=FALSE, $A23=TRUE), 0, IF($P23=TRUE, (M23 / $R23) * 100 * ($S23 / 100)-M23, ))), ) | AG23: =IF(N23<>"", IF(AND($P23=FALSE, $A23=FALSE), -N23, IF(AND($P23=FALSE, $A23=TRUE), 0, IF($P23=TRUE, (N23 / $R23) * 100 * ($S23 / 100)-N23, ))), )
A24: FALSE | P24: FALSE | V24: ❌ | W24: / | X24: ARI Cardinals - Lowest scoring team | Z24: =IF(G24<>"", IF(AND($P24=FALSE, $A24=FALSE), -G24, IF(AND($P24=FALSE, $A24=TRUE), 0, IF($P24=TRUE, (G24 / $R24) * 100 * ($S24 / 100)-G24, ))), ) | AA24: =IF(I24<>"", IF(AND($P24=FALSE, $A24=FALSE), -I24, IF(AND($P24=FALSE, $A24=TRUE), 0, IF($P24=TRUE, (I24 / $R24) * 100 * ($S24 / 100)-I24, ))), ) | AB24: =IF(H24<>"", IF(AND($P24=FALSE, $A24=FALSE), -H24, IF(AND($P24=FALSE, $A24=TRUE), 0, IF($P24=TRUE, (H24 / $R24) * 100 * ($S24 / 100)-H24, ))), ) | AC24: =IF(J24<>"", IF(AND($P24=FALSE, $A24=FALSE), -J24, IF(AND($P24=FALSE, $A24=TRUE), 0, IF($P24=TRUE, (J24 / $R24) * 100 * ($S24 / 100)-J24, ))), ) | AD24: =IF(K24<>"", IF(AND($P24=FALSE, $A24=FALSE), -K24, IF(AND($P24=FALSE, $A24=TRUE), 0, IF($P24=TRUE, (K24 / $R24) * 100 * ($S24 / 100)-K24, ))), ) | AE24: =IF(L24<>"", IF(AND($P24=FALSE, $A24=FALSE), -L24, IF(AND($P24=FALSE, $A24=TRUE), 0, IF($P24=TRUE, (L24 / $R24) * 100 * ($S24 / 100)-L24, ))), ) | AF24: =IF(M24<>"", IF(AND($P24=FALSE, $A24=FALSE), -M24, IF(AND($P24=FALSE, $A24=TRUE), 0, IF($P24=TRUE, (M24 / $R24) * 100 * ($S24 / 100)-M24, ))), ) | AG24: =IF(N24<>"", IF(AND($P24=FALSE, $A24=FALSE), -N24, IF(AND($P24=FALSE, $A24=TRUE), 0, IF($P24=TRUE, (N24 / $R24) * 100 * ($S24 / 100)-N24, ))), )
A25: FALSE | D25: 45174 | E25: NFL | F25: 🏈 23-24 Futures | G25: 1 | H25: 1 | P25: FALSE | R25: 2 | S25: 18 | T25: +800 | Z25: =IF(G25<>"", IF(AND($P25=FALSE, $A25=FALSE), -G25, IF(AND($P25=FALSE, $A25=TRUE), 0, IF($P25=TRUE, (G25 / $R25) * 100 * ($S25 / 100)-G25, ))), ) -> -1 | AA25: =IF(I25<>"", IF(AND($P25=FALSE, $A25=FALSE), -I25, IF(AND($P25=FALSE, $A25=TRUE), 0, IF($P25=TRUE, (I25 / $R25) * 100 * ($S25 / 100)-I25, ))), ) | AB25: =IF(H25<>"", IF(AND($P25=FALSE, $A25=FALSE), -H25, IF(AND($P25=FALSE, $A25=TRUE), 0, IF($P25=TRUE, (H25 / $R25) * 100 * ($S25 / 100)-H25, ))), ) -> -1 | AC25: =IF(J25<>"", IF(AND($P25=FALSE, $A25=FALSE), -J25, IF(AND($P25=FALSE, $A25=TRUE), 0, IF($P25=TRUE, (J25 / $R25) * 100 * ($S25 / 100)-J25, ))), ) | AD25: =IF(K25<>"", IF(AND($P25=FALSE, $A25=FALSE), -K25, IF(AND($P25=FALSE, $A25=TRUE), 0, IF($P25=TRUE, (K25 / $R25) * 100 * ($S25 / 100)-K25, ))), ) | AE25: =IF(L25<>"", IF(AND($P25=FALSE, $A25=FALSE), -L25, IF(AND($P25=FALSE, $A25=TRUE), 0, IF($P25=TRUE, (L25 / $R25) * 100 * ($S25 / 100)-L25, ))), ) | AF25: =IF(M25<>"", IF(AND($P25=FALSE, $A25=FALSE), -M25, IF(AND($P25=FALSE, $A25=TRUE), 0, IF($P25=TRUE, (M25 / $R25) * 100 * ($S25 / 100)-M25, ))), ) | AG25: =IF(N25<>"", IF(AND($P25=FALSE, $A25=FALSE), -N25, IF(AND($P25=FALSE, $A25=TRUE), 0, IF($P25=TRUE, (N25 / $R25) * 100 * ($S25 / 100)-N25, ))), )
A26: FALSE | P26: FALSE | V26: ❌ | W26: / | X26: TB Buccanears- Lowest scoring team | Z26: =IF(G26<>"", IF(AND($P26=FALSE, $A26=FALSE), -G26, IF(AND($P26=FALSE, $A26=TRUE), 0, IF($P26=TRUE, (G26 / $R26) * 100 * ($S26 / 100)-G26, ))), ) | AA26: =IF(I26<>"", IF(AND($P26=FALSE, $A26=FALSE), -I26, IF(AND($P26=FALSE, $A26=TRUE), 0, IF($P26=TRUE, (I26 / $R26) * 100 * ($S26 / 100)-I26, ))), ) | AB26: =IF(H26<>"", IF(AND($P26=FALSE, $A26=FALSE), -H26, IF(AND($P26=FALSE, $A26=TRUE), 0, IF($P26=TRUE, (H26 / $R26) * 100 * ($S26 / 100)-H26, ))), ) | AC26: =IF(J26<>"", IF(AND($P26=FALSE, $A26=FALSE), -J26, IF(AND($P26=FALSE, $A26=TRUE), 0, IF($P26=TRUE, (J26 / $R26) * 100 * ($S26 / 100)-J26, ))), ) | AD26: =IF(K26<>"", IF(AND($P26=FALSE, $A26=FALSE), -K26, IF(AND($P26=FALSE, $A26=TRUE), 0, IF($P26=TRUE, (K26 / $R26) * 100 * ($S26 / 100)-K26, ))), ) | AE26: =IF(L26<>"", IF(AND($P26=FALSE, $A26=FALSE), -L26, IF(AND($P26=FALSE, $A26=TRUE), 0, IF($P26=TRUE, (L26 / $R26) * 100 * ($S26 / 100)-L26, ))), ) | AF26: =IF(M26<>"", IF(AND($P26=FALSE, $A26=FALSE), -M26, IF(AND($P26=FALSE, $A26=TRUE), 0, IF($P26=TRUE, (M26 / $R26) * 100 * ($S26 / 100)-M26, ))), ) | AG26: =IF(N26<>"", IF(AND($P26=FALSE, $A26=FALSE), -N26, IF(AND($P26=FALSE, $A26=TRUE), 0, IF($P26=TRUE, (N26 / $R26) * 100 * ($S26 / 100)-N26, ))), )
A27: FALSE | D27: 45174 | E27: NFL | F27: 🏈 23-24 Futures | G27: 1 | H27: 1 | P27: FALSE | R27: 2 | S27: 14 | T27: +600 | Z27: =IF(G27<>"", IF(AND($P27=FALSE, $A27=FALSE), -G27, IF(AND($P27=FALSE, $A27=TRUE), 0, IF($P27=TRUE, (G27 / $R27) * 100 * ($S27 / 100)-G27, ))), ) -> -1 | AA27: =IF(I27<>"", IF(AND($P27=FALSE, $A27=FALSE), -I27, IF(AND($P27=FALSE, $A27=TRUE), 0, IF($P27=TRUE, (I27 / $R27) * 100 * ($S27 / 100)-I27, ))), ) | AB27: =IF(H27<>"", IF(AND($P27=FALSE, $A27=FALSE), -H27, IF(AND($P27=FALSE, $A27=TRUE), 0, IF($P27=TRUE, (H27 / $R27) * 100 * ($S27 / 100)-H27, ))), ) -> -1 | AC27: =IF(J27<>"", IF(AND($P27=FALSE, $A27=FALSE), -J27, IF(AND($P27=FALSE, $A27=TRUE), 0, IF($P27=TRUE, (J27 / $R27) * 100 * ($S27 / 100)-J27, ))), ) | AD27: =IF(K27<>"", IF(AND($P27=FALSE, $A27=FALSE), -K27, IF(AND($P27=FALSE, $A27=TRUE), 0, IF($P27=TRUE, (K27 / $R27) * 100 * ($S27 / 100)-K27, ))), ) | AE27: =IF(L27<>"", IF(AND($P27=FALSE, $A27=FALSE), -L27, IF(AND($P27=FALSE, $A27=TRUE), 0, IF($P27=TRUE, (L27 / $R27) * 100 * ($S27 / 100)-L27, ))), ) | AF27: =IF(M27<>"", IF(AND($P27=FALSE, $A27=FALSE), -M27, IF(AND($P27=FALSE, $A27=TRUE), 0, IF($P27=TRUE, (M27 / $R27) * 100 * ($S27 / 100)-M27, ))), ) | AG27: =IF(N27<>"", IF(AND($P27=FALSE, $A27=FALSE), -N27, IF(AND($P27=FALSE, $A27=TRUE), 0, IF($P27=TRUE, (N27 / $R27) * 100 * ($S27 / 100)-N27, ))), )
A28: FALSE | P28: FALSE | V28: ❌ | W28: / | X28: SF 49ers - Fewest points conceded | Z28: =IF(G28<>"", IF(AND($P28=FALSE, $A28=FALSE), -G28, IF(AND($P28=FALSE, $A28=TRUE), 0, IF($P28=TRUE, (G28 / $R28) * 100 * ($S28 / 100)-G28, ))), ) | AA28: =IF(I28<>"", IF(AND($P28=FALSE, $A28=FALSE), -I28, IF(AND($P28=FALSE, $A28=TRUE), 0, IF($P28=TRUE, (I28 / $R28) * 100 * ($S28 / 100)-I28, ))), ) | AB28: =IF(H28<>"", IF(AND($P28=FALSE, $A28=FALSE), -H28, IF(AND($P28=FALSE, $A28=TRUE), 0, IF($P28=TRUE, (H28 / $R28) * 100 * ($S28 / 100)-H28, ))), ) | AC28: =IF(J28<>"", IF(AND($P28=FALSE, $A28=FALSE), -J28, IF(AND($P28=FALSE, $A28=TRUE), 0, IF($P28=TRUE, (J28 / $R28) * 100 * ($S28 / 100)-J28, ))), ) | AD28: =IF(K28<>"", IF(AND($P28=FALSE, $A28=FALSE), -K28, IF(AND($P28=FALSE, $A28=TRUE), 0, IF($P28=TRUE, (K28 / $R28) * 100 * ($S28 / 100)-K28, ))), ) | AE28: =IF(L28<>"", IF(AND($P28=FALSE, $A28=FALSE), -L28, IF(AND($P28=FALSE, $A28=TRUE), 0, IF($P28=TRUE, (L28 / $R28) * 100 * ($S28 / 100)-L28, ))), ) | AF28: =IF(M28<>"", IF(AND($P28=FALSE, $A28=FALSE), -M28, IF(AND($P28=FALSE, $A28=TRUE), 0, IF($P28=TRUE, (M28 / $R28) * 100 * ($S28 / 100)-M28, ))), ) | AG28: =IF(N28<>"", IF(AND($P28=FALSE, $A28=FALSE), -N28, IF(AND($P28=FALSE, $A28=TRUE), 0, IF($P28=TRUE, (N28 / $R28) * 100 * ($S28 / 100)-N28, ))), )
A29: FALSE | D29: 45243 | E29: NFL | F29: 🏈 23-24 Wk 10 | G29: 1 | H29: 0.5 | P29: FALSE | R29: 1.5 | S29: 6.75 | T29: +350 | Z29: =IF(G29<>"", IF(AND($P29=FALSE, $A29=FALSE), -G29, IF(AND($P29=FALSE, $A29=TRUE), 0, IF($P29=TRUE, (G29 / $R29) * 100 * ($S29 / 100)-G29, ))), ) -> -1 | AA29: =IF(I29<>"", IF(AND($P29=FALSE, $A29=FALSE), -I29, IF(AND($P29=FALSE, $A29=TRUE), 0, IF($P29=TRUE, (I29 / $R29) * 100 * ($S29 / 100)-I29, ))), ) | AB29: =IF(H29<>"", IF(AND($P29=FALSE, $A29=FALSE), -H29, IF(AND($P29=FALSE, $A29=TRUE), 0, IF($P29=TRUE, (H29 / $R29) * 100 * ($S29 / 100)-H29, ))), ) -> -0.5 | AC29: =IF(J29<>"", IF(AND($P29=FALSE, $A29=FALSE), -J29, IF(AND($P29=FALSE, $A29=TRUE), 0, IF($P29=TRUE, (J29 / $R29) * 100 * ($S29 / 100)-J29, ))), ) | AD29: =IF(K29<>"", IF(AND($P29=FALSE, $A29=FALSE), -K29, IF(AND($P29=FALSE, $A29=TRUE), 0, IF($P29=TRUE, (K29 / $R29) * 100 * ($S29 / 100)-K29, ))), ) | AE29: =IF(L29<>"", IF(AND($P29=FALSE, $A29=FALSE), -L29, IF(AND($P29=FALSE, $A29=TRUE), 0, IF($P29=TRUE, (L29 / $R29) * 100 * ($S29 / 100)-L29, ))), ) | AF29: =IF(M29<>"", IF(AND($P29=FALSE, $A29=FALSE), -M29, IF(AND($P29=FALSE, $A29=TRUE), 0, IF($P29=TRUE, (M29 / $R29) * 100 * ($S29 / 100)-M29, ))), ) | AG29: =IF(N29<>"", IF(AND($P29=FALSE, $A29=FALSE), -N29, IF(AND($P29=FALSE, $A29=TRUE), 0, IF($P29=TRUE, (N29 / $R29) * 100 * ($S29 / 100)-N29, ))), )
A30: FALSE | P30: FALSE | V30: ❌ | W30: / | X30: C. McCaffery - Most rush TDs 2023 | Z30: =IF(G30<>"", IF(AND($P30=FALSE, $A30=FALSE), -G30, IF(AND($P30=FALSE, $A30=TRUE), 0, IF($P30=TRUE, (G30 / $R30) * 100 * ($S30 / 100)-G30, ))), ) | AA30: =IF(I30<>"", IF(AND($P30=FALSE, $A30=FALSE), -I30, IF(AND($P30=FALSE, $A30=TRUE), 0, IF($P30=TRUE, (I30 / $R30) * 100 * ($S30 / 100)-I30, ))), ) | AB30: =IF(H30<>"", IF(AND($P30=FALSE, $A30=FALSE), -H30, IF(AND($P30=FALSE, $A30=TRUE), 0, IF($P30=TRUE, (H30 / $R30) * 100 * ($S30 / 100)-H30, ))), ) | AC30: =IF(J30<>"", IF(AND($P30=FALSE, $A30=FALSE), -J30, IF(AND($P30=FALSE, $A30=TRUE), 0, IF($P30=TRUE, (J30 / $R30) * 100 * ($S30 / 100)-J30, ))), ) | AD30: =IF(K30<>"", IF(AND($P30=FALSE, $A30=FALSE), -K30, IF(AND($P30=FALSE, $A30=TRUE), 0, IF($P30=TRUE, (K30 / $R30) * 100 * ($S30 / 100)-K30, ))), ) | AE30: =IF(L30<>"", IF(AND($P30=FALSE, $A30=FALSE), -L30, IF(AND($P30=FALSE, $A30=TRUE), 0, IF($P30=TRUE, (L30 / $R30) * 100 * ($S30 / 100)-L30, ))), ) | AF30: =IF(M30<>"", IF(AND($P30=FALSE, $A30=FALSE), -M30, IF(AND($P30=FALSE, $A30=TRUE), 0, IF($P30=TRUE, (M30 / $R30) * 100 * ($S30 / 100)-M30, ))), ) | AG30: =IF(N30<>"", IF(AND($P30=FALSE, $A30=FALSE), -N30, IF(AND($P30=FALSE, $A30=TRUE), 0, IF($P30=TRUE, (N30 / $R30) * 100 * ($S30 / 100)-N30, ))), )
A31: FALSE | D31: 45243 | E31: NFL | F31: 🏈 23-24 Wk 10 | G31: 3 | H31: 1.5 | P31: TRUE | R31: 4.5 | S31: 13.5 | T31: +200 | Z31: =IF(G31<>"", IF(AND($P31=FALSE, $A31=FALSE), -G31, IF(AND($P31=FALSE, $A31=TRUE), 0, IF($P31=TRUE, (G31 / $R31) * 100 * ($S31 / 100)-G31, ))), ) -> 6 | AA31: =IF(I31<>"", IF(AND($P31=FALSE, $A31=FALSE), -I31, IF(AND($P31=FALSE, $A31=TRUE), 0, IF($P31=TRUE, (I31 / $R31) * 100 * ($S31 / 100)-I31, ))), ) | AB31: =IF(H31<>"", IF(AND($P31=FALSE, $A31=FALSE), -H31, IF(AND($P31=FALSE, $A31=TRUE), 0, IF($P31=TRUE, (H31 / $R31) * 100 * ($S31 / 100)-H31, ))), ) -> 3 | AC31: =IF(J31<>"", IF(AND($P31=FALSE, $A31=FALSE), -J31, IF(AND($P31=FALSE, $A31=TRUE), 0, IF($P31=TRUE, (J31 / $R31) * 100 * ($S31 / 100)-J31, ))), ) | AD31: =IF(K31<>"", IF(AND($P31=FALSE, $A31=FALSE), -K31, IF(AND($P31=FALSE, $A31=TRUE), 0, IF($P31=TRUE, (K31 / $R31) * 100 * ($S31 / 100)-K31, ))), ) | AE31: =IF(L31<>"", IF(AND($P31=FALSE, $A31=FALSE), -L31, IF(AND($P31=FALSE, $A31=TRUE), 0, IF($P31=TRUE, (L31 / $R31) * 100 * ($S31 / 100)-L31, ))), ) | AF31: =IF(M31<>"", IF(AND($P31=FALSE, $A31=FALSE), -M31, IF(AND($P31=FALSE, $A31=TRUE), 0, IF($P31=TRUE, (M31 / $R31) * 100 * ($S31 / 100)-M31, ))), ) | AG31: =IF(N31<>"", IF(AND($P31=FALSE, $A31=FALSE), -N31, IF(AND($P31=FALSE, $A31=TRUE), 0, IF($P31=TRUE, (N31 / $R31) * 100 * ($S31 / 100)-N31, ))), )
A32: FALSE | P32: FALSE | V32: ✅ | W32: / | X32: C. McCaffery - Most rush Yds 2023 | Z32: =IF(G32<>"", IF(AND($P32=FALSE, $A32=FALSE), -G32, IF(AND($P32=FALSE, $A32=TRUE), 0, IF($P32=TRUE, (G32 / $R32) * 100 * ($S32 / 100)-G32, ))), ) | AA32: =IF(I32<>"", IF(AND($P32=FALSE, $A32=FALSE), -I32, IF(AND($P32=FALSE, $A32=TRUE), 0, IF($P32=TRUE, (I32 / $R32) * 100 * ($S32 / 100)-I32, ))), ) | AB32: =IF(H32<>"", IF(AND($P32=FALSE, $A32=FALSE), -H32, IF(AND($P32=FALSE, $A32=TRUE), 0, IF($P32=TRUE, (H32 / $R32) * 100 * ($S32 / 100)-H32, ))), ) | AC32: =IF(J32<>"", IF(AND($P32=FALSE, $A32=FALSE), -J32, IF(AND($P32=FALSE, $A32=TRUE), 0, IF($P32=TRUE, (J32 / $R32) * 100 * ($S32 / 100)-J32, ))), ) | AD32: =IF(K32<>"", IF(AND($P32=FALSE, $A32=FALSE), -K32, IF(AND($P32=FALSE, $A32=TRUE), 0, IF($P32=TRUE, (K32 / $R32) * 100 * ($S32 / 100)-K32, ))), ) | AE32: =IF(L32<>"", IF(AND($P32=FALSE, $A32=FALSE), -L32, IF(AND($P32=FALSE, $A32=TRUE), 0, IF($P32=TRUE, (L32 / $R32) * 100 * ($S32 / 100)-L32, ))), ) | AF32: =IF(M32<>"", IF(AND($P32=FALSE, $A32=FALSE), -M32, IF(AND($P32=FALSE, $A32=TRUE), 0, IF($P32=TRUE, (M32 / $R32) * 100 * ($S32 / 100)-M32, ))), ) | AG32: =IF(N32<>"", IF(AND($P32=FALSE, $A32=FALSE), -N32, IF(AND($P32=FALSE, $A32=TRUE), 0, IF($P32=TRUE, (N32 / $R32) * 100 * ($S32 / 100)-N32, ))), )
A33: FALSE | D33: 45260 | E33: NFL | F33: 🏈 23-24 Wk 13 | G33: 2 | H33: 1 | P33: FALSE | R33: 3 | S33: 12 | T33: +300 | Z33: =IF(G33<>"", IF(AND($P33=FALSE, $A33=FALSE), -G33, IF(AND($P33=FALSE, $A33=TRUE), 0, IF($P33=TRUE, (G33 / $R33) * 100 * ($S33 / 100)-G33, ))), ) -> -2 | AA33: =IF(I33<>"", IF(AND($P33=FALSE, $A33=FALSE), -I33, IF(AND($P33=FALSE, $A33=TRUE), 0, IF($P33=TRUE, (I33 / $R33) * 100 * ($S33 / 100)-I33, ))), ) | AB33: =IF(H33<>"", IF(AND($P33=FALSE, $A33=FALSE), -H33, IF(AND($P33=FALSE, $A33=TRUE), 0, IF($P33=TRUE, (H33 / $R33) * 100 * ($S33 / 100)-H33, ))), ) -> -1 | AC33: =IF(J33<>"", IF(AND($P33=FALSE, $A33=FALSE), -J33, IF(AND($P33=FALSE, $A33=TRUE), 0, IF($P33=TRUE, (J33 / $R33) * 100 * ($S33 / 100)-J33, ))), ) | AD33: =IF(K33<>"", IF(AND($P33=FALSE, $A33=FALSE), -K33, IF(AND($P33=FALSE, $A33=TRUE), 0, IF($P33=TRUE, (K33 / $R33) * 100 * ($S33 / 100)-K33, ))), ) | AE33: =IF(L33<>"", IF(AND($P33=FALSE, $A33=FALSE), -L33, IF(AND($P33=FALSE, $A33=TRUE), 0, IF($P33=TRUE, (L33 / $R33) * 100 * ($S33 / 100)-L33, ))), ) | AF33: =IF(M33<>"", IF(AND($P33=FALSE, $A33=FALSE), -M33, IF(AND($P33=FALSE, $A33=TRUE), 0, IF($P33=TRUE, (M33 / $R33) * 100 * ($S33 / 100)-M33, ))), ) | AG33: =IF(N33<>"", IF(AND($P33=FALSE, $A33=FALSE), -N33, IF(AND($P33=FALSE, $A33=TRUE), 0, IF($P33=TRUE, (N33 / $R33) * 100 * ($S33 / 100)-N33, ))), )
A34: FALSE | P34: FALSE | V34: ❌ | W34: / | X34: YES - 49ers to run the "Bird Gountlet" | Z34: =IF(G34<>"", IF(AND($P34=FALSE, $A34=FALSE), -G34, IF(AND($P34=FALSE, $A34=TRUE), 0, IF($P34=TRUE, (G34 / $R34) * 100 * ($S34 / 100)-G34, ))), ) | AA34: =IF(I34<>"", IF(AND($P34=FALSE, $A34=FALSE), -I34, IF(AND($P34=FALSE, $A34=TRUE), 0, IF($P34=TRUE, (I34 / $R34) * 100 * ($S34 / 100)-I34, ))), ) | AB34: =IF(H34<>"", IF(AND($P34=FALSE, $A34=FALSE), -H34, IF(AND($P34=FALSE, $A34=TRUE), 0, IF($P34=TRUE, (H34 / $R34) * 100 * ($S34 / 100)-H34, ))), ) | AC34: =IF(J34<>"", IF(AND($P34=FALSE, $A34=FALSE), -J34, IF(AND($P34=FALSE, $A34=TRUE), 0, IF($P34=TRUE, (J34 / $R34) * 100 * ($S34 / 100)-J34, ))), ) | AD34: =IF(K34<>"", IF(AND($P34=FALSE, $A34=FALSE), -K34, IF(AND($P34=FALSE, $A34=TRUE), 0, IF($P34=TRUE, (K34 / $R34) * 100 * ($S34 / 100)-K34, ))), ) | AE34: =IF(L34<>"", IF(AND($P34=FALSE, $A34=FALSE), -L34, IF(AND($P34=FALSE, $A34=TRUE), 0, IF($P34=TRUE, (L34 / $R34) * 100 * ($S34 / 100)-L34, ))), ) | AF34: =IF(M34<>"", IF(AND($P34=FALSE, $A34=FALSE), -M34, IF(AND($P34=FALSE, $A34=TRUE), 0, IF($P34=TRUE, (M34 / $R34) * 100 * ($S34 / 100)-M34, ))), ) | AG34: =IF(N34<>"", IF(AND($P34=FALSE, $A34=FALSE), -N34, IF(AND($P34=FALSE, $A34=TRUE), 0, IF($P34=TRUE, (N34 / $R34) * 100 * ($S34 / 100)-N34, ))), )
A35: FALSE | D35: 45235 | E35: NBA | F35: 🏀 23-24 11(Nov) | G35: 2 | H35: 1 | I35: 2 | P35: FALSE | R35: 5 | S35: 12.13 | T35: +143 | Z35: =IF(G35<>"", IF(AND($P35=FALSE, $A35=FALSE), -G35, IF(AND($P35=FALSE, $A35=TRUE), 0, IF($P35=TRUE, (G35 / $R35) * 100 * ($S35 / 100)-G35, ))), ) -> -2 | AA35: =IF(I35<>"", IF(AND($P35=FALSE, $A35=FALSE), -I35, IF(AND($P35=FALSE, $A35=TRUE), 0, IF($P35=TRUE, (I35 / $R35) * 100 * ($S35 / 100)-I35, ))), ) -> -2 | AB35: =IF(H35<>"", IF(AND($P35=FALSE, $A35=FALSE), -H35, IF(AND($P35=FALSE, $A35=TRUE), 0, IF($P35=TRUE, (H35 / $R35) * 100 * ($S35 / 100)-H35, ))), ) -> -1 | AC35: =IF(J35<>"", IF(AND($P35=FALSE, $A35=FALSE), -J35, IF(AND($P35=FALSE, $A35=TRUE), 0, IF($P35=TRUE, (J35 / $R35) * 100 * ($S35 / 100)-J35, ))), ) | AD35: =IF(K35<>"", IF(AND($P35=FALSE, $A35=FALSE), -K35, IF(AND($P35=FALSE, $A35=TRUE), 0, IF($P35=TRUE, (K35 / $R35) * 100 * ($S35 / 100)-K35, ))), ) | AE35: =IF(L35<>"", IF(AND($P35=FALSE, $A35=FALSE), -L35, IF(AND($P35=FALSE, $A35=TRUE), 0, IF($P35=TRUE, (L35 / $R35) * 100 * ($S35 / 100)-L35, ))), ) | AF35: =IF(M35<>"", IF(AND($P35=FALSE, $A35=FALSE), -M35, IF(AND($P35=FALSE, $A35=TRUE), 0, IF($P35=TRUE, (M35 / $R35) * 100 * ($S35 / 100)-M35, ))), ) | AG35: =IF(N35<>"", IF(AND($P35=FALSE, $A35=FALSE), -N35, IF(AND($P35=FALSE, $A35=TRUE), 0, IF($P35=TRUE, (N35 / $R35) * 100 * ($S35 / 100)-N35, ))), )
A36: FALSE | P36: FALSE | V36: ❌ | W36: / | X36: 25+ L. Doncic p | Z36: =IF(G36<>"", IF(AND($P36=FALSE, $A36=FALSE), -G36, IF(AND($P36=FALSE, $A36=TRUE), 0, IF($P36=TRUE, (G36 / $R36) * 100 * ($S36 / 100)-G36, ))), ) | AA36: =IF(I36<>"", IF(AND($P36=FALSE, $A36=FALSE), -I36, IF(AND($P36=FALSE, $A36=TRUE), 0, IF($P36=TRUE, (I36 / $R36) * 100 * ($S36 / 100)-I36, ))), ) | AB36: =IF(H36<>"", IF(AND($P36=FALSE, $A36=FALSE), -H36, IF(AND($P36=FALSE, $A36=TRUE), 0, IF($P36=TRUE, (H36 / $R36) * 100 * ($S36 / 100)-H36, ))), ) | AC36: =IF(J36<>"", IF(AND($P36=FALSE, $A36=FALSE), -J36, IF(AND($P36=FALSE, $A36=TRUE), 0, IF($P36=TRUE, (J36 / $R36) * 100 * ($S36 / 100)-J36, ))), ) | AD36: =IF(K36<>"", IF(AND($P36=FALSE, $A36=FALSE), -K36, IF(AND($P36=FALSE, $A36=TRUE), 0, IF($P36=TRUE, (K36 / $R36) * 100 * ($S36 / 100)-K36, ))), ) | AE36: =IF(L36<>"", IF(AND($P36=FALSE, $A36=FALSE), -L36, IF(AND($P36=FALSE, $A36=TRUE), 0, IF($P36=TRUE, (L36 / $R36) * 100 * ($S36 / 100)-L36, ))), ) | AF36: =IF(M36<>"", IF(AND($P36=FALSE, $A36=FALSE), -M36, IF(AND($P36=FALSE, $A36=TRUE), 0, IF($P36=TRUE, (M36 / $R36) * 100 * ($S36 / 100)-M36, ))), ) | AG36: =IF(N36<>"", IF(AND($P36=FALSE, $A36=FALSE), -N36, IF(AND($P36=FALSE, $A36=TRUE), 0, IF($P36=TRUE, (N36 / $R36) * 100 * ($S36 / 100)-N36, ))), )
A37: FALSE | P37: FALSE | V37: ✅ | W37: / | X37: 8+ L. Doncic a | Z37: =IF(G37<>"", IF(AND($P37=FALSE, $A37=FALSE), -G37, IF(AND($P37=FALSE, $A37=TRUE), 0, IF($P37=TRUE, (G37 / $R37) * 100 * ($S37 / 100)-G37, ))), ) | AA37: =IF(I37<>"", IF(AND($P37=FALSE, $A37=FALSE), -I37, IF(AND($P37=FALSE, $A37=TRUE), 0, IF($P37=TRUE, (I37 / $R37) * 100 * ($S37 / 100)-I37, ))), ) | AB37: =IF(H37<>"", IF(AND($P37=FALSE, $A37=FALSE), -H37, IF(AND($P37=FALSE, $A37=TRUE), 0, IF($P37=TRUE, (H37 / $R37) * 100 * ($S37 / 100)-H37, ))), ) | AC37: =IF(J37<>"", IF(AND($P37=FALSE, $A37=FALSE), -J37, IF(AND($P37=FALSE, $A37=TRUE), 0, IF($P37=TRUE, (J37 / $R37) * 100 * ($S37 / 100)-J37, ))), ) | AD37: =IF(K37<>"", IF(AND($P37=FALSE, $A37=FALSE), -K37, IF(AND($P37=FALSE, $A37=TRUE), 0, IF($P37=TRUE, (K37 / $R37) * 100 * ($S37 / 100)-K37, ))), ) | AE37: =IF(L37<>"", IF(AND($P37=FALSE, $A37=FALSE), -L37, IF(AND($P37=FALSE, $A37=TRUE), 0, IF($P37=TRUE, (L37 / $R37) * 100 * ($S37 / 100)-L37, ))), ) | AF37: =IF(M37<>"", IF(AND($P37=FALSE, $A37=FALSE), -M37, IF(AND($P37=FALSE, $A37=TRUE), 0, IF($P37=TRUE, (M37 / $R37) * 100 * ($S37 / 100)-M37, ))), ) | AG37: =IF(N37<>"", IF(AND($P37=FALSE, $A37=FALSE), -N37, IF(AND($P37=FALSE, $A37=TRUE), 0, IF($P37=TRUE, (N37 / $R37) * 100 * ($S37 / 100)-N37, ))), )
A38: FALSE | P38: FALSE | V38: ✅ | W38: / | X38: 8+ L. Doncic r | Z38: =IF(G38<>"", IF(AND($P38=FALSE, $A38=FALSE), -G38, IF(AND($P38=FALSE, $A38=TRUE), 0, IF($P38=TRUE, (G38 / $R38) * 100 * ($S38 / 100)-G38, ))), ) | AA38: =IF(I38<>"", IF(AND($P38=FALSE, $A38=FALSE), -I38, IF(AND($P38=FALSE, $A38=TRUE), 0, IF($P38=TRUE, (I38 / $R38) * 100 * ($S38 / 100)-I38, ))), ) | AB38: =IF(H38<>"", IF(AND($P38=FALSE, $A38=FALSE), -H38, IF(AND($P38=FALSE, $A38=TRUE), 0, IF($P38=TRUE, (H38 / $R38) * 100 * ($S38 / 100)-H38, ))), ) | AC38: =IF(J38<>"", IF(AND($P38=FALSE, $A38=FALSE), -J38, IF(AND($P38=FALSE, $A38=TRUE), 0, IF($P38=TRUE, (J38 / $R38) * 100 * ($S38 / 100)-J38, ))), ) | AD38: =IF(K38<>"", IF(AND($P38=FALSE, $A38=FALSE), -K38, IF(AND($P38=FALSE, $A38=TRUE), 0, IF($P38=TRUE, (K38 / $R38) * 100 * ($S38 / 100)-K38, ))), ) | AE38: =IF(L38<>"", IF(AND($P38=FALSE, $A38=FALSE), -L38, IF(AND($P38=FALSE, $A38=TRUE), 0, IF($P38=TRUE, (L38 / $R38) * 100 * ($S38 / 100)-L38, ))), ) | AF38: =IF(M38<>"", IF(AND($P38=FALSE, $A38=FALSE), -M38, IF(AND($P38=FALSE, $A38=TRUE), 0, IF($P38=TRUE, (M38 / $R38) * 100 * ($S38 / 100)-M38, ))), ) | AG38: =IF(N38<>"", IF(AND($P38=FALSE, $A38=FALSE), -N38, IF(AND($P38=FALSE, $A38=TRUE), 0, IF($P38=TRUE, (N38 / $R38) * 100 * ($S38 / 100)-N38, ))), )
A39: FALSE | D39: 45235 | E39: NBA | F39: 🏀 23-24 11(Nov) | G39: 2 | H39: 1 | I39: 2 | P39: TRUE | R39: 5 | S39: 12.75 | T39: +155 | Z39: =IF(G39<>"", IF(AND($P39=FALSE, $A39=FALSE), -G39, IF(AND($P39=FALSE, $A39=TRUE), 0, IF($P39=TRUE, (G39 / $R39) * 100 * ($S39 / 100)-G39, ))), ) -> 3.1 | AA39: =IF(I39<>"", IF(AND($P39=FALSE, $A39=FALSE), -I39, IF(AND($P39=FALSE, $A39=TRUE), 0, IF($P39=TRUE, (I39 / $R39) * 100 * ($S39 / 100)-I39, ))), ) -> 3.1 | AB39: =IF(H39<>"", IF(AND($P39=FALSE, $A39=FALSE), -H39, IF(AND($P39=FALSE, $A39=TRUE), 0, IF($P39=TRUE, (H39 / $R39) * 100 * ($S39 / 100)-H39, ))), ) -> 1.55 | AC39: =IF(J39<>"", IF(AND($P39=FALSE, $A39=FALSE), -J39, IF(AND($P39=FALSE, $A39=TRUE), 0, IF($P39=TRUE, (J39 / $R39) * 100 * ($S39 / 100)-J39, ))), ) | AD39: =IF(K39<>"", IF(AND($P39=FALSE, $A39=FALSE), -K39, IF(AND($P39=FALSE, $A39=TRUE), 0, IF($P39=TRUE, (K39 / $R39) * 100 * ($S39 / 100)-K39, ))), ) | AE39: =IF(L39<>"", IF(AND($P39=FALSE, $A39=FALSE), -L39, IF(AND($P39=FALSE, $A39=TRUE), 0, IF($P39=TRUE, (L39 / $R39) * 100 * ($S39 / 100)-L39, ))), ) | AF39: =IF(M39<>"", IF(AND($P39=FALSE, $A39=FALSE), -M39, IF(AND($P39=FALSE, $A39=TRUE), 0, IF($P39=TRUE, (M39 / $R39) * 100 * ($S39 / 100)-M39, ))), ) | AG39: =IF(N39<>"", IF(AND($P39=FALSE, $A39=FALSE), -N39, IF(AND($P39=FALSE, $A39=TRUE), 0, IF($P39=TRUE, (N39 / $R39) * 100 * ($S39 / 100)-N39, ))), )
A40: FALSE | P40: FALSE | V40: ✅ | W40: / | X40: 20+ D. Bane p | Z40: =IF(G40<>"", IF(AND($P40=FALSE, $A40=FALSE), -G40, IF(AND($P40=FALSE, $A40=TRUE), 0, IF($P40=TRUE, (G40 / $R40) * 100 * ($S40 / 100)-G40, ))), ) | AA40: =IF(I40<>"", IF(AND($P40=FALSE, $A40=FALSE), -I40, IF(AND($P40=FALSE, $A40=TRUE), 0, IF($P40=TRUE, (I40 / $R40) * 100 * ($S40 / 100)-I40, ))), ) | AB40: =IF(H40<>"", IF(AND($P40=FALSE, $A40=FALSE), -H40, IF(AND($P40=FALSE, $A40=TRUE), 0, IF($P40=TRUE, (H40 / $R40) * 100 * ($S40 / 100)-H40, ))), ) | AC40: =IF(J40<>"", IF(AND($P40=FALSE, $A40=FALSE), -J40, IF(AND($P40=FALSE, $A40=TRUE), 0, IF($P40=TRUE, (J40 / $R40) * 100 * ($S40 / 100)-J40, ))), ) | AD40: =IF(K40<>"", IF(AND($P40=FALSE, $A40=FALSE), -K40, IF(AND($P40=FALSE, $A40=TRUE), 0, IF($P40=TRUE, (K40 / $R40) * 100 * ($S40 / 100)-K40, ))), ) | AE40: =IF(L40<>"", IF(AND($P40=FALSE, $A40=FALSE), -L40, IF(AND($P40=FALSE, $A40=TRUE), 0, IF($P40=TRUE, (L40 / $R40) * 100 * ($S40 / 100)-L40, ))), ) | AF40: =IF(M40<>"", IF(AND($P40=FALSE, $A40=FALSE), -M40, IF(AND($P40=FALSE, $A40=TRUE), 0, IF($P40=TRUE, (M40 / $R40) * 100 * ($S40 / 100)-M40, ))), ) | AG40: =IF(N40<>"", IF(AND($P40=FALSE, $A40=FALSE), -N40, IF(AND($P40=FALSE, $A40=TRUE), 0, IF($P40=TRUE, (N40 / $R40) * 100 * ($S40 / 100)-N40, ))), )
A41: FALSE | P41: FALSE | V41: ✅ | W41: / | X41: 4+ D. Bane a | Z41: =IF(G41<>"", IF(AND($P41=FALSE, $A41=FALSE), -G41, IF(AND($P41=FALSE, $A41=TRUE), 0, IF($P41=TRUE, (G41 / $R41) * 100 * ($S41 / 100)-G41, ))), ) | AA41: =IF(I41<>"", IF(AND($P41=FALSE, $A41=FALSE), -I41, IF(AND($P41=FALSE, $A41=TRUE), 0, IF($P41=TRUE, (I41 / $R41) * 100 * ($S41 / 100)-I41, ))), ) | AB41: =IF(H41<>"", IF(AND($P41=FALSE, $A41=FALSE), -H41, IF(AND($P41=FALSE, $A41=TRUE), 0, IF($P41=TRUE, (H41 / $R41) * 100 * ($S41 / 100)-H41, ))), ) | AC41: =IF(J41<>"", IF(AND($P41=FALSE, $A41=FALSE), -J41, IF(AND($P41=FALSE, $A41=TRUE), 0, IF($P41=TRUE, (J41 / $R41) * 100 * ($S41 / 100)-J41, ))), ) | AD41: =IF(K41<>"", IF(AND($P41=FALSE, $A41=FALSE), -K41, IF(AND($P41=FALSE, $A41=TRUE), 0, IF($P41=TRUE, (K41 / $R41) * 100 * ($S41 / 100)-K41, ))), ) | AE41: =IF(L41<>"", IF(AND($P41=FALSE, $A41=FALSE), -L41, IF(AND($P41=FALSE, $A41=TRUE), 0, IF($P41=TRUE, (L41 / $R41) * 100 * ($S41 / 100)-L41, ))), ) | AF41: =IF(M41<>"", IF(AND($P41=FALSE, $A41=FALSE), -M41, IF(AND($P41=FALSE, $A41=TRUE), 0, IF($P41=TRUE, (M41 / $R41) * 100 * ($S41 / 100)-M41, ))), ) | AG41: =IF(N41<>"", IF(AND($P41=FALSE, $A41=FALSE), -N41, IF(AND($P41=FALSE, $A41=TRUE), 0, IF($P41=TRUE, (N41 / $R41) * 100 * ($S41 / 100)-N41, ))), )
A42: FALSE | P42: FALSE | V42: ✅ | W42: / | X42: o10.5 D. Ayton r | Z42: =IF(G42<>"", IF(AND($P42=FALSE, $A42=FALSE), -G42, IF(AND($P42=FALSE, $A42=TRUE), 0, IF($P42=TRUE, (G42 / $R42) * 100 * ($S42 / 100)-G42, ))), ) | AA42: =IF(I42<>"", IF(AND($P42=FALSE, $A42=FALSE), -I42, IF(AND($P42=FALSE, $A42=TRUE), 0, IF($P42=TRUE, (I42 / $R42) * 100 * ($S42 / 100)-I42, ))), ) | AB42: =IF(H42<>"", IF(AND($P42=FALSE, $A42=FALSE), -H42, IF(AND($P42=FALSE, $A42=TRUE), 0, IF($P42=TRUE, (H42 / $R42) * 100 * ($S42 / 100)-H42, ))), ) | AC42: =IF(J42<>"", IF(AND($P42=FALSE, $A42=FALSE), -J42, IF(AND($P42=FALSE, $A42=TRUE), 0, IF($P42=TRUE, (J42 / $R42) * 100 * ($S42 / 100)-J42, ))), ) | AD42: =IF(K42<>"", IF(AND($P42=FALSE, $A42=FALSE), -K42, IF(AND($P42=FALSE, $A42=TRUE), 0, IF($P42=TRUE, (K42 / $R42) * 100 * ($S42 / 100)-K42, ))), ) | AE42: =IF(L42<>"", IF(AND($P42=FALSE, $A42=FALSE), -L42, IF(AND($P42=FALSE, $A42=TRUE), 0, IF($P42=TRUE, (L42 / $R42) * 100 * ($S42 / 100)-L42, ))), ) | AF42: =IF(M42<>"", IF(AND($P42=FALSE, $A42=FALSE), -M42, IF(AND($P42=FALSE, $A42=TRUE), 0, IF($P42=TRUE, (M42 / $R42) * 100 * ($S42 / 100)-M42, ))), ) | AG42: =IF(N42<>"", IF(AND($P42=FALSE, $A42=FALSE), -N42, IF(AND($P42=FALSE, $A42=TRUE), 0, IF($P42=TRUE, (N42 / $R42) * 100 * ($S42 / 100)-N42, ))), )
A43: TRUE | D43: 45235 | E43: NFL | F43: 🏈 23-24 Wk 09 | G43: 3 | H43: 2 | I43: 20 | P43: TRUE | R43: 25 | S43: 49.91 | T43: +100 | Z43: =IF(G43<>"", IF(AND($P43=FALSE, $A43=FALSE), -G43, IF(AND($P43=FALSE, $A43=TRUE), 0, IF($P43=TRUE, (G43 / $R43) * 100 * ($S43 / 100)-G43, ))), ) -> 2.9892 | AA43: =IF(I43<>"", IF(AND($P43=FALSE, $A43=FALSE), -I43, IF(AND($P43=FALSE, $A43=TRUE), 0, IF($P43=TRUE, (I43 / $R43) * 100 * ($S43 / 100)-I43, ))), ) -> 19.928 | AB43: =IF(H43<>"", IF(AND($P43=FALSE, $A43=FALSE), -H43, IF(AND($P43=FALSE, $A43=TRUE), 0, IF($P43=TRUE, (H43 / $R43) * 100 * ($S43 / 100)-H43, ))), ) -> 1.9928 | AC43: =IF(J43<>"", IF(AND($P43=FALSE, $A43=FALSE), -J43, IF(AND($P43=FALSE, $A43=TRUE), 0, IF($P43=TRUE, (J43 / $R43) * 100 * ($S43 / 100)-J43, ))), ) | AD43: =IF(K43<>"", IF(AND($P43=FALSE, $A43=FALSE), -K43, IF(AND($P43=FALSE, $A43=TRUE), 0, IF($P43=TRUE, (K43 / $R43) * 100 * ($S43 / 100)-K43, ))), ) | AE43: =IF(L43<>"", IF(AND($P43=FALSE, $A43=FALSE), -L43, IF(AND($P43=FALSE, $A43=TRUE), 0, IF($P43=TRUE, (L43 / $R43) * 100 * ($S43 / 100)-L43, ))), ) | AF43: =IF(M43<>"", IF(AND($P43=FALSE, $A43=FALSE), -M43, IF(AND($P43=FALSE, $A43=TRUE), 0, IF($P43=TRUE, (M43 / $R43) * 100 * ($S43 / 100)-M43, ))), ) | AG43: =IF(N43<>"", IF(AND($P43=FALSE, $A43=FALSE), -N43, IF(AND($P43=FALSE, $A43=TRUE), 0, IF($P43=TRUE, (N43 / $R43) * 100 * ($S43 / 100)-N43, ))), )
A44: FALSE | P44: FALSE | V44: ✅ | W44: / | X44: 1+ T. Tagovailoa pass TD | Z44: =IF(G44<>"", IF(AND($P44=FALSE, $A44=FALSE), -G44, IF(AND($P44=FALSE, $A44=TRUE), 0, IF($P44=TRUE, (G44 / $R44) * 100 * ($S44 / 100)-G44, ))), ) | AA44: =IF(I44<>"", IF(AND($P44=FALSE, $A44=FALSE), -I44, IF(AND($P44=FALSE, $A44=TRUE), 0, IF($P44=TRUE, (I44 / $R44) * 100 * ($S44 / 100)-I44, ))), ) | AB44: =IF(H44<>"", IF(AND($P44=FALSE, $A44=FALSE), -H44, IF(AND($P44=FALSE, $A44=TRUE), 0, IF($P44=TRUE, (H44 / $R44) * 100 * ($S44 / 100)-H44, ))), ) | AC44: =IF(J44<>"", IF(AND($P44=FALSE, $A44=FALSE), -J44, IF(AND($P44=FALSE, $A44=TRUE), 0, IF($P44=TRUE, (J44 / $R44) * 100 * ($S44 / 100)-J44, ))), ) | AD44: =IF(K44<>"", IF(AND($P44=FALSE, $A44=FALSE), -K44, IF(AND($P44=FALSE, $A44=TRUE), 0, IF($P44=TRUE, (K44 / $R44) * 100 * ($S44 / 100)-K44, ))), ) | AE44: =IF(L44<>"", IF(AND($P44=FALSE, $A44=FALSE), -L44, IF(AND($P44=FALSE, $A44=TRUE), 0, IF($P44=TRUE, (L44 / $R44) * 100 * ($S44 / 100)-L44, ))), ) | AF44: =IF(M44<>"", IF(AND($P44=FALSE, $A44=FALSE), -M44, IF(AND($P44=FALSE, $A44=TRUE), 0, IF($P44=TRUE, (M44 / $R44) * 100 * ($S44 / 100)-M44, ))), ) | AG44: =IF(N44<>"", IF(AND($P44=FALSE, $A44=FALSE), -N44, IF(AND($P44=FALSE, $A44=TRUE), 0, IF($P44=TRUE, (N44 / $R44) * 100 * ($S44 / 100)-N44, ))), )
A45: FALSE | P45: FALSE | V45: ✅ | W45: / | X45: 1+ P. Mahomes pass TD | Z45: =IF(G45<>"", IF(AND($P45=FALSE, $A45=FALSE), -G45, IF(AND($P45=FALSE, $A45=TRUE), 0, IF($P45=TRUE, (G45 / $R45) * 100 * ($S45 / 100)-G45, ))), ) | AA45: =IF(I45<>"", IF(AND($P45=FALSE, $A45=FALSE), -I45, IF(AND($P45=FALSE, $A45=TRUE), 0, IF($P45=TRUE, (I45 / $R45) * 100 * ($S45 / 100)-I45, ))), ) | AB45: =IF(H45<>"", IF(AND($P45=FALSE, $A45=FALSE), -H45, IF(AND($P45=FALSE, $A45=TRUE), 0, IF($P45=TRUE, (H45 / $R45) * 100 * ($S45 / 100)-H45, ))), ) | AC45: =IF(J45<>"", IF(AND($P45=FALSE, $A45=FALSE), -J45, IF(AND($P45=FALSE, $A45=TRUE), 0, IF($P45=TRUE, (J45 / $R45) * 100 * ($S45 / 100)-J45, ))), ) | AD45: =IF(K45<>"", IF(AND($P45=FALSE, $A45=FALSE), -K45, IF(AND($P45=FALSE, $A45=TRUE), 0, IF($P45=TRUE, (K45 / $R45) * 100 * ($S45 / 100)-K45, ))), ) | AE45: =IF(L45<>"", IF(AND($P45=FALSE, $A45=FALSE), -L45, IF(AND($P45=FALSE, $A45=TRUE), 0, IF($P45=TRUE, (L45 / $R45) * 100 * ($S45 / 100)-L45, ))), ) | AF45: =IF(M45<>"", IF(AND($P45=FALSE, $A45=FALSE), -M45, IF(AND($P45=FALSE, $A45=TRUE), 0, IF($P45=TRUE, (M45 / $R45) * 100 * ($S45 / 100)-M45, ))), ) | AG45: =IF(N45<>"", IF(AND($P45=FALSE, $A45=FALSE), -N45, IF(AND($P45=FALSE, $A45=TRUE), 0, IF($P45=TRUE, (N45 / $R45) * 100 * ($S45 / 100)-N45, ))), )
A46: FALSE | P46: FALSE | V46: ✅ | W46: / | X46: 25+ R. Mostert rush yds | Z46: =IF(G46<>"", IF(AND($P46=FALSE, $A46=FALSE), -G46, IF(AND($P46=FALSE, $A46=TRUE), 0, IF($P46=TRUE, (G46 / $R46) * 100 * ($S46 / 100)-G46, ))), ) | AA46: =IF(I46<>"", IF(AND($P46=FALSE, $A46=FALSE), -I46, IF(AND($P46=FALSE, $A46=TRUE), 0, IF($P46=TRUE, (I46 / $R46) * 100 * ($S46 / 100)-I46, ))), ) | AB46: =IF(H46<>"", IF(AND($P46=FALSE, $A46=FALSE), -H46, IF(AND($P46=FALSE, $A46=TRUE), 0, IF($P46=TRUE, (H46 / $R46) * 100 * ($S46 / 100)-H46, ))), ) | AC46: =IF(J46<>"", IF(AND($P46=FALSE, $A46=FALSE), -J46, IF(AND($P46=FALSE, $A46=TRUE), 0, IF($P46=TRUE, (J46 / $R46) * 100 * ($S46 / 100)-J46, ))), ) | AD46: =IF(K46<>"", IF(AND($P46=FALSE, $A46=FALSE), -K46, IF(AND($P46=FALSE, $A46=TRUE), 0, IF($P46=TRUE, (K46 / $R46) * 100 * ($S46 / 100)-K46, ))), ) | AE46: =IF(L46<>"", IF(AND($P46=FALSE, $A46=FALSE), -L46, IF(AND($P46=FALSE, $A46=TRUE), 0, IF($P46=TRUE, (L46 / $R46) * 100 * ($S46 / 100)-L46, ))), ) | AF46: =IF(M46<>"", IF(AND($P46=FALSE, $A46=FALSE), -M46, IF(AND($P46=FALSE, $A46=TRUE), 0, IF($P46=TRUE, (M46 / $R46) * 100 * ($S46 / 100)-M46, ))), ) | AG46: =IF(N46<>"", IF(AND($P46=FALSE, $A46=FALSE), -N46, IF(AND($P46=FALSE, $A46=TRUE), 0, IF($P46=TRUE, (N46 / $R46) * 100 * ($S46 / 100)-N46, ))), )
A47: FALSE | P47: FALSE | V47: ✅ | W47: / | X47: 25+ I. Pacheco rush yds | Z47: =IF(G47<>"", IF(AND($P47=FALSE, $A47=FALSE), -G47, IF(AND($P47=FALSE, $A47=TRUE), 0, IF($P47=TRUE, (G47 / $R47) * 100 * ($S47 / 100)-G47, ))), ) | AA47: =IF(I47<>"", IF(AND($P47=FALSE, $A47=FALSE), -I47, IF(AND($P47=FALSE, $A47=TRUE), 0, IF($P47=TRUE, (I47 / $R47) * 100 * ($S47 / 100)-I47, ))), ) | AB47: =IF(H47<>"", IF(AND($P47=FALSE, $A47=FALSE), -H47, IF(AND($P47=FALSE, $A47=TRUE), 0, IF($P47=TRUE, (H47 / $R47) * 100 * ($S47 / 100)-H47, ))), ) | AC47: =IF(J47<>"", IF(AND($P47=FALSE, $A47=FALSE), -J47, IF(AND($P47=FALSE, $A47=TRUE), 0, IF($P47=TRUE, (J47 / $R47) * 100 * ($S47 / 100)-J47, ))), ) | AD47: =IF(K47<>"", IF(AND($P47=FALSE, $A47=FALSE), -K47, IF(AND($P47=FALSE, $A47=TRUE), 0, IF($P47=TRUE, (K47 / $R47) * 100 * ($S47 / 100)-K47, ))), ) | AE47: =IF(L47<>"", IF(AND($P47=FALSE, $A47=FALSE), -L47, IF(AND($P47=FALSE, $A47=TRUE), 0, IF($P47=TRUE, (L47 / $R47) * 100 * ($S47 / 100)-L47, ))), ) | AF47: =IF(M47<>"", IF(AND($P47=FALSE, $A47=FALSE), -M47, IF(AND($P47=FALSE, $A47=TRUE), 0, IF($P47=TRUE, (M47 / $R47) * 100 * ($S47 / 100)-M47, ))), ) | AG47: =IF(N47<>"", IF(AND($P47=FALSE, $A47=FALSE), -N47, IF(AND($P47=FALSE, $A47=TRUE), 0, IF($P47=TRUE, (N47 / $R47) * 100 * ($S47 / 100)-N47, ))), )
A48: FALSE | P48: FALSE | V48: ✅ | W48: / | X48: MIA +17.5 | Z48: =IF(G48<>"", IF(AND($P48=FALSE, $A48=FALSE), -G48, IF(AND($P48=FALSE, $A48=TRUE), 0, IF($P48=TRUE, (G48 / $R48) * 100 * ($S48 / 100)-G48, ))), ) | AA48: =IF(I48<>"", IF(AND($P48=FALSE, $A48=FALSE), -I48, IF(AND($P48=FALSE, $A48=TRUE), 0, IF($P48=TRUE, (I48 / $R48) * 100 * ($S48 / 100)-I48, ))), ) | AB48: =IF(H48<>"", IF(AND($P48=FALSE, $A48=FALSE), -H48, IF(AND($P48=FALSE, $A48=TRUE), 0, IF($P48=TRUE, (H48 / $R48) * 100 * ($S48 / 100)-H48, ))), ) | AC48: =IF(J48<>"", IF(AND($P48=FALSE, $A48=FALSE), -J48, IF(AND($P48=FALSE, $A48=TRUE), 0, IF($P48=TRUE, (J48 / $R48) * 100 * ($S48 / 100)-J48, ))), ) | AD48: =IF(K48<>"", IF(AND($P48=FALSE, $A48=FALSE), -K48, IF(AND($P48=FALSE, $A48=TRUE), 0, IF($P48=TRUE, (K48 / $R48) * 100 * ($S48 / 100)-K48, ))), ) | AE48: =IF(L48<>"", IF(AND($P48=FALSE, $A48=FALSE), -L48, IF(AND($P48=FALSE, $A48=TRUE), 0, IF($P48=TRUE, (L48 / $R48) * 100 * ($S48 / 100)-L48, ))), ) | AF48: =IF(M48<>"", IF(AND($P48=FALSE, $A48=FALSE), -M48, IF(AND($P48=FALSE, $A48=TRUE), 0, IF($P48=TRUE, (M48 / $R48) * 100 * ($S48 / 100)-M48, ))), ) | AG48: =IF(N48<>"", IF(AND($P48=FALSE, $A48=FALSE), -N48, IF(AND($P48=FALSE, $A48=TRUE), 0, IF($P48=TRUE, (N48 / $R48) * 100 * ($S48 / 100)-N48, ))), )
A49: FALSE | D49: 45235 | E49: NFL | F49: 🏈 23-24 Wk 09 | G49: 1.5 | H49: 0.75 | I49: 2.75 | P49: FALSE | R49: 5 | S49: 20.14 | T49: +303 | Z49: =IF(G49<>"", IF(AND($P49=FALSE, $A49=FALSE), -G49, IF(AND($P49=FALSE, $A49=TRUE), 0, IF($P49=TRUE, (G49 / $R49) * 100 * ($S49 / 100)-G49, ))), ) -> -1.5 | AA49: =IF(I49<>"", IF(AND($P49=FALSE, $A49=FALSE), -I49, IF(AND($P49=FALSE, $A49=TRUE), 0, IF($P49=TRUE, (I49 / $R49) * 100 * ($S49 / 100)-I49, ))), ) -> -2.75 | AB49: =IF(H49<>"", IF(AND($P49=FALSE, $A49=FALSE), -H49, IF(AND($P49=FALSE, $A49=TRUE), 0, IF($P49=TRUE, (H49 / $R49) * 100 * ($S49 / 100)-H49, ))), ) -> -0.75 | AC49: =IF(J49<>"", IF(AND($P49=FALSE, $A49=FALSE), -J49, IF(AND($P49=FALSE, $A49=TRUE), 0, IF($P49=TRUE, (J49 / $R49) * 100 * ($S49 / 100)-J49, ))), ) | AD49: =IF(K49<>"", IF(AND($P49=FALSE, $A49=FALSE), -K49, IF(AND($P49=FALSE, $A49=TRUE), 0, IF($P49=TRUE, (K49 / $R49) * 100 * ($S49 / 100)-K49, ))), ) | AE49: =IF(L49<>"", IF(AND($P49=FALSE, $A49=FALSE), -L49, IF(AND($P49=FALSE, $A49=TRUE), 0, IF($P49=TRUE, (L49 / $R49) * 100 * ($S49 / 100)-L49, ))), ) | AF49: =IF(M49<>"", IF(AND($P49=FALSE, $A49=FALSE), -M49, IF(AND($P49=FALSE, $A49=TRUE), 0, IF($P49=TRUE, (M49 / $R49) * 100 * ($S49 / 100)-M49, ))), ) | AG49: =IF(N49<>"", IF(AND($P49=FALSE, $A49=FALSE), -N49, IF(AND($P49=FALSE, $A49=TRUE), 0, IF($P49=TRUE, (N49 / $R49) * 100 * ($S49 / 100)-N49, ))), )
A50: FALSE | P50: FALSE | V50: ❌ | W50: / | X50: 250+ P. Mahomes pass yds | Z50: =IF(G50<>"", IF(AND($P50=FALSE, $A50=FALSE), -G50, IF(AND($P50=FALSE, $A50=TRUE), 0, IF($P50=TRUE, (G50 / $R50) * 100 * ($S50 / 100)-G50, ))), ) | AA50: =IF(I50<>"", IF(AND($P50=FALSE, $A50=FALSE), -I50, IF(AND($P50=FALSE, $A50=TRUE), 0, IF($P50=TRUE, (I50 / $R50) * 100 * ($S50 / 100)-I50, ))), ) | AB50: =IF(H50<>"", IF(AND($P50=FALSE, $A50=FALSE), -H50, IF(AND($P50=FALSE, $A50=TRUE), 0, IF($P50=TRUE, (H50 / $R50) * 100 * ($S50 / 100)-H50, ))), ) | AC50: =IF(J50<>"", IF(AND($P50=FALSE, $A50=FALSE), -J50, IF(AND($P50=FALSE, $A50=TRUE), 0, IF($P50=TRUE, (J50 / $R50) * 100 * ($S50 / 100)-J50, ))), ) | AD50: =IF(K50<>"", IF(AND($P50=FALSE, $A50=FALSE), -K50, IF(AND($P50=FALSE, $A50=TRUE), 0, IF($P50=TRUE, (K50 / $R50) * 100 * ($S50 / 100)-K50, ))), ) | AE50: =IF(L50<>"", IF(AND($P50=FALSE, $A50=FALSE), -L50, IF(AND($P50=FALSE, $A50=TRUE), 0, IF($P50=TRUE, (L50 / $R50) * 100 * ($S50 / 100)-L50, ))), ) | AF50: =IF(M50<>"", IF(AND($P50=FALSE, $A50=FALSE), -M50, IF(AND($P50=FALSE, $A50=TRUE), 0, IF($P50=TRUE, (M50 / $R50) * 100 * ($S50 / 100)-M50, ))), ) | AG50: =IF(N50<>"", IF(AND($P50=FALSE, $A50=FALSE), -N50, IF(AND($P50=FALSE, $A50=TRUE), 0, IF($P50=TRUE, (N50 / $R50) * 100 * ($S50 / 100)-N50, ))), )
A51: FALSE | P51: FALSE | V51: ❌ | W51: / | X51: 250+ T. Tagovailoa pass yds | Z51: =IF(G51<>"", IF(AND($P51=FALSE, $A51=FALSE), -G51, IF(AND($P51=FALSE, $A51=TRUE), 0, IF($P51=TRUE, (G51 / $R51) * 100 * ($S51 / 100)-G51, ))), ) | AA51: =IF(I51<>"", IF(AND($P51=FALSE, $A51=FALSE), -I51, IF(AND($P51=FALSE, $A51=TRUE), 0, IF($P51=TRUE, (I51 / $R51) * 100 * ($S51 / 100)-I51, ))), ) | AB51: =IF(H51<>"", IF(AND($P51=FALSE, $A51=FALSE), -H51, IF(AND($P51=FALSE, $A51=TRUE), 0, IF($P51=TRUE, (H51 / $R51) * 100 * ($S51 / 100)-H51, ))), ) | AC51: =IF(J51<>"", IF(AND($P51=FALSE, $A51=FALSE), -J51, IF(AND($P51=FALSE, $A51=TRUE), 0, IF($P51=TRUE, (J51 / $R51) * 100 * ($S51 / 100)-J51, ))), ) | AD51: =IF(K51<>"", IF(AND($P51=FALSE, $A51=FALSE), -K51, IF(AND($P51=FALSE, $A51=TRUE), 0, IF($P51=TRUE, (K51 / $R51) * 100 * ($S51 / 100)-K51, ))), ) | AE51: =IF(L51<>"", IF(AND($P51=FALSE, $A51=FALSE), -L51, IF(AND($P51=FALSE, $A51=TRUE), 0, IF($P51=TRUE, (L51 / $R51) * 100 * ($S51 / 100)-L51, ))), ) | AF51: =IF(M51<>"", IF(AND($P51=FALSE, $A51=FALSE), -M51, IF(AND($P51=FALSE, $A51=TRUE), 0, IF($P51=TRUE, (M51 / $R51) * 100 * ($S51 / 100)-M51, ))), ) | AG51: =IF(N51<>"", IF(AND($P51=FALSE, $A51=FALSE), -N51, IF(AND($P51=FALSE, $A51=TRUE), 0, IF($P51=TRUE, (N51 / $R51) * 100 * ($S51 / 100)-N51, ))), )
A52: FALSE | P52: FALSE | V52: ❌ | W52: / | X52: 50+ T. Kelce rec yds | Z52: =IF(G52<>"", IF(AND($P52=FALSE, $A52=FALSE), -G52, IF(AND($P52=FALSE, $A52=TRUE), 0, IF($P52=TRUE, (G52 / $R52) * 100 * ($S52 / 100)-G52, ))), ) | AA52: =IF(I52<>"", IF(AND($P52=FALSE, $A52=FALSE), -I52, IF(AND($P52=FALSE, $A52=TRUE), 0, IF($P52=TRUE, (I52 / $R52) * 100 * ($S52 / 100)-I52, ))), ) | AB52: =IF(H52<>"", IF(AND($P52=FALSE, $A52=FALSE), -H52, IF(AND($P52=FALSE, $A52=TRUE), 0, IF($P52=TRUE, (H52 / $R52) * 100 * ($S52 / 100)-H52, ))), ) | AC52: =IF(J52<>"", IF(AND($P52=FALSE, $A52=FALSE), -J52, IF(AND($P52=FALSE, $A52=TRUE), 0, IF($P52=TRUE, (J52 / $R52) * 100 * ($S52 / 100)-J52, ))), ) | AD52: =IF(K52<>"", IF(AND($P52=FALSE, $A52=FALSE), -K52, IF(AND($P52=FALSE, $A52=TRUE), 0, IF($P52=TRUE, (K52 / $R52) * 100 * ($S52 / 100)-K52, ))), ) | AE52: =IF(L52<>"", IF(AND($P52=FALSE, $A52=FALSE), -L52, IF(AND($P52=FALSE, $A52=TRUE), 0, IF($P52=TRUE, (L52 / $R52) * 100 * ($S52 / 100)-L52, ))), ) | AF52: =IF(M52<>"", IF(AND($P52=FALSE, $A52=FALSE), -M52, IF(AND($P52=FALSE, $A52=TRUE), 0, IF($P52=TRUE, (M52 / $R52) * 100 * ($S52 / 100)-M52, ))), ) | AG52: =IF(N52<>"", IF(AND($P52=FALSE, $A52=FALSE), -N52, IF(AND($P52=FALSE, $A52=TRUE), 0, IF($P52=TRUE, (N52 / $R52) * 100 * ($S52 / 100)-N52, ))), )
A53: FALSE | P53: FALSE | V53: ❌ | W53: / | X53: 6+ T. Kelce rec | Z53: =IF(G53<>"", IF(AND($P53=FALSE, $A53=FALSE), -G53, IF(AND($P53=FALSE, $A53=TRUE), 0, IF($P53=TRUE, (G53 / $R53) * 100 * ($S53 / 100)-G53, ))), ) | AA53: =IF(I53<>"", IF(AND($P53=FALSE, $A53=FALSE), -I53, IF(AND($P53=FALSE, $A53=TRUE), 0, IF($P53=TRUE, (I53 / $R53) * 100 * ($S53 / 100)-I53, ))), ) | AB53: =IF(H53<>"", IF(AND($P53=FALSE, $A53=FALSE), -H53, IF(AND($P53=FALSE, $A53=TRUE), 0, IF($P53=TRUE, (H53 / $R53) * 100 * ($S53 / 100)-H53, ))), ) | AC53: =IF(J53<>"", IF(AND($P53=FALSE, $A53=FALSE), -J53, IF(AND($P53=FALSE, $A53=TRUE), 0, IF($P53=TRUE, (J53 / $R53) * 100 * ($S53 / 100)-J53, ))), ) | AD53: =IF(K53<>"", IF(AND($P53=FALSE, $A53=FALSE), -K53, IF(AND($P53=FALSE, $A53=TRUE), 0, IF($P53=TRUE, (K53 / $R53) * 100 * ($S53 / 100)-K53, ))), ) | AE53: =IF(L53<>"", IF(AND($P53=FALSE, $A53=FALSE), -L53, IF(AND($P53=FALSE, $A53=TRUE), 0, IF($P53=TRUE, (L53 / $R53) * 100 * ($S53 / 100)-L53, ))), ) | AF53: =IF(M53<>"", IF(AND($P53=FALSE, $A53=FALSE), -M53, IF(AND($P53=FALSE, $A53=TRUE), 0, IF($P53=TRUE, (M53 / $R53) * 100 * ($S53 / 100)-M53, ))), ) | AG53: =IF(N53<>"", IF(AND($P53=FALSE, $A53=FALSE), -N53, IF(AND($P53=FALSE, $A53=TRUE), 0, IF($P53=TRUE, (N53 / $R53) * 100 * ($S53 / 100)-N53, ))), )
A54: FALSE | P54: FALSE | V54: ✅ | W54: / | X54: 40+ I. Pacheco rush yds | Z54: =IF(G54<>"", IF(AND($P54=FALSE, $A54=FALSE), -G54, IF(AND($P54=FALSE, $A54=TRUE), 0, IF($P54=TRUE, (G54 / $R54) * 100 * ($S54 / 100)-G54, ))), ) | AA54: =IF(I54<>"", IF(AND($P54=FALSE, $A54=FALSE), -I54, IF(AND($P54=FALSE, $A54=TRUE), 0, IF($P54=TRUE, (I54 / $R54) * 100 * ($S54 / 100)-I54, ))), ) | AB54: =IF(H54<>"", IF(AND($P54=FALSE, $A54=FALSE), -H54, IF(AND($P54=FALSE, $A54=TRUE), 0, IF($P54=TRUE, (H54 / $R54) * 100 * ($S54 / 100)-H54, ))), ) | AC54: =IF(J54<>"", IF(AND($P54=FALSE, $A54=FALSE), -J54, IF(AND($P54=FALSE, $A54=TRUE), 0, IF($P54=TRUE, (J54 / $R54) * 100 * ($S54 / 100)-J54, ))), ) | AD54: =IF(K54<>"", IF(AND($P54=FALSE, $A54=FALSE), -K54, IF(AND($P54=FALSE, $A54=TRUE), 0, IF($P54=TRUE, (K54 / $R54) * 100 * ($S54 / 100)-K54, ))), ) | AE54: =IF(L54<>"", IF(AND($P54=FALSE, $A54=FALSE), -L54, IF(AND($P54=FALSE, $A54=TRUE), 0, IF($P54=TRUE, (L54 / $R54) * 100 * ($S54 / 100)-L54, ))), ) | AF54: =IF(M54<>"", IF(AND($P54=FALSE, $A54=FALSE), -M54, IF(AND($P54=FALSE, $A54=TRUE), 0, IF($P54=TRUE, (M54 / $R54) * 100 * ($S54 / 100)-M54, ))), ) | AG54: =IF(N54<>"", IF(AND($P54=FALSE, $A54=FALSE), -N54, IF(AND($P54=FALSE, $A54=TRUE), 0, IF($P54=TRUE, (N54 / $R54) * 100 * ($S54 / 100)-N54, ))), )
A55: FALSE | P55: FALSE | V55: ✅ | W55: / | X55: 2+ P. Mahomes pass TD | Z55: =IF(G55<>"", IF(AND($P55=FALSE, $A55=FALSE), -G55, IF(AND($P55=FALSE, $A55=TRUE), 0, IF($P55=TRUE, (G55 / $R55) * 100 * ($S55 / 100)-G55, ))), ) | AA55: =IF(I55<>"", IF(AND($P55=FALSE, $A55=FALSE), -I55, IF(AND($P55=FALSE, $A55=TRUE), 0, IF($P55=TRUE, (I55 / $R55) * 100 * ($S55 / 100)-I55, ))), ) | AB55: =IF(H55<>"", IF(AND($P55=FALSE, $A55=FALSE), -H55, IF(AND($P55=FALSE, $A55=TRUE), 0, IF($P55=TRUE, (H55 / $R55) * 100 * ($S55 / 100)-H55, ))), ) | AC55: =IF(J55<>"", IF(AND($P55=FALSE, $A55=FALSE), -J55, IF(AND($P55=FALSE, $A55=TRUE), 0, IF($P55=TRUE, (J55 / $R55) * 100 * ($S55 / 100)-J55, ))), ) | AD55: =IF(K55<>"", IF(AND($P55=FALSE, $A55=FALSE), -K55, IF(AND($P55=FALSE, $A55=TRUE), 0, IF($P55=TRUE, (K55 / $R55) * 100 * ($S55 / 100)-K55, ))), ) | AE55: =IF(L55<>"", IF(AND($P55=FALSE, $A55=FALSE), -L55, IF(AND($P55=FALSE, $A55=TRUE), 0, IF($P55=TRUE, (L55 / $R55) * 100 * ($S55 / 100)-L55, ))), ) | AF55: =IF(M55<>"", IF(AND($P55=FALSE, $A55=FALSE), -M55, IF(AND($P55=FALSE, $A55=TRUE), 0, IF($P55=TRUE, (M55 / $R55) * 100 * ($S55 / 100)-M55, ))), ) | AG55: =IF(N55<>"", IF(AND($P55=FALSE, $A55=FALSE), -N55, IF(AND($P55=FALSE, $A55=TRUE), 0, IF($P55=TRUE, (N55 / $R55) * 100 * ($S55 / 100)-N55, ))), )
A56: FALSE | D56: 45235 | E56: NFL | F56: 🏈 23-24 Wk 09 | G56: 2 | H56: 1 | I56: 3 | P56: FALSE | R56: 6 | S56: 14.82 | T56: +147 | Z56: =IF(G56<>"", IF(AND($P56=FALSE, $A56=FALSE), -G56, IF(AND($P56=FALSE, $A56=TRUE), 0, IF($P56=TRUE, (G56 / $R56) * 100 * ($S56 / 100)-G56, ))), ) -> -2 | AA56: =IF(I56<>"", IF(AND($P56=FALSE, $A56=FALSE), -I56, IF(AND($P56=FALSE, $A56=TRUE), 0, IF($P56=TRUE, (I56 / $R56) * 100 * ($S56 / 100)-I56, ))), ) -> -3 | AB56: =IF(H56<>"", IF(AND($P56=FALSE, $A56=FALSE), -H56, IF(AND($P56=FALSE, $A56=TRUE), 0, IF($P56=TRUE, (H56 / $R56) * 100 * ($S56 / 100)-H56, ))), ) -> -1 | AC56: =IF(J56<>"", IF(AND($P56=FALSE, $A56=FALSE), -J56, IF(AND($P56=FALSE, $A56=TRUE), 0, IF($P56=TRUE, (J56 / $R56) * 100 * ($S56 / 100)-J56, ))), ) | AD56: =IF(K56<>"", IF(AND($P56=FALSE, $A56=FALSE), -K56, IF(AND($P56=FALSE, $A56=TRUE), 0, IF($P56=TRUE, (K56 / $R56) * 100 * ($S56 / 100)-K56, ))), ) | AE56: =IF(L56<>"", IF(AND($P56=FALSE, $A56=FALSE), -L56, IF(AND($P56=FALSE, $A56=TRUE), 0, IF($P56=TRUE, (L56 / $R56) * 100 * ($S56 / 100)-L56, ))), ) | AF56: =IF(M56<>"", IF(AND($P56=FALSE, $A56=FALSE), -M56, IF(AND($P56=FALSE, $A56=TRUE), 0, IF($P56=TRUE, (M56 / $R56) * 100 * ($S56 / 100)-M56, ))), ) | AG56: =IF(N56<>"", IF(AND($P56=FALSE, $A56=FALSE), -N56, IF(AND($P56=FALSE, $A56=TRUE), 0, IF($P56=TRUE, (N56 / $R56) * 100 * ($S56 / 100)-N56, ))), )
A57: FALSE | P57: FALSE | V57: ✅ | W57: / | X57: 25+ C. Watson rec yds | Z57: =IF(G57<>"", IF(AND($P57=FALSE, $A57=FALSE), -G57, IF(AND($P57=FALSE, $A57=TRUE), 0, IF($P57=TRUE, (G57 / $R57) * 100 * ($S57 / 100)-G57, ))), ) | AA57: =IF(I57<>"", IF(AND($P57=FALSE, $A57=FALSE), -I57, IF(AND($P57=FALSE, $A57=TRUE), 0, IF($P57=TRUE, (I57 / $R57) * 100 * ($S57 / 100)-I57, ))), ) | AB57: =IF(H57<>"", IF(AND($P57=FALSE, $A57=FALSE), -H57, IF(AND($P57=FALSE, $A57=TRUE), 0, IF($P57=TRUE, (H57 / $R57) * 100 * ($S57 / 100)-H57, ))), ) | AC57: =IF(J57<>"", IF(AND($P57=FALSE, $A57=FALSE), -J57, IF(AND($P57=FALSE, $A57=TRUE), 0, IF($P57=TRUE, (J57 / $R57) * 100 * ($S57 / 100)-J57, ))), ) | AD57: =IF(K57<>"", IF(AND($P57=FALSE, $A57=FALSE), -K57, IF(AND($P57=FALSE, $A57=TRUE), 0, IF($P57=TRUE, (K57 / $R57) * 100 * ($S57 / 100)-K57, ))), ) | AE57: =IF(L57<>"", IF(AND($P57=FALSE, $A57=FALSE), -L57, IF(AND($P57=FALSE, $A57=TRUE), 0, IF($P57=TRUE, (L57 / $R57) * 100 * ($S57 / 100)-L57, ))), ) | AF57: =IF(M57<>"", IF(AND($P57=FALSE, $A57=FALSE), -M57, IF(AND($P57=FALSE, $A57=TRUE), 0, IF($P57=TRUE, (M57 / $R57) * 100 * ($S57 / 100)-M57, ))), ) | AG57: =IF(N57<>"", IF(AND($P57=FALSE, $A57=FALSE), -N57, IF(AND($P57=FALSE, $A57=TRUE), 0, IF($P57=TRUE, (N57 / $R57) * 100 * ($S57 / 100)-N57, ))), )
A58: FALSE | P58: FALSE | V58: ✅ | W58: / | X58: 40+ C. Kupp rec yds | Z58: =IF(G58<>"", IF(AND($P58=FALSE, $A58=FALSE), -G58, IF(AND($P58=FALSE, $A58=TRUE), 0, IF($P58=TRUE, (G58 / $R58) * 100 * ($S58 / 100)-G58, ))), ) | AA58: =IF(I58<>"", IF(AND($P58=FALSE, $A58=FALSE), -I58, IF(AND($P58=FALSE, $A58=TRUE), 0, IF($P58=TRUE, (I58 / $R58) * 100 * ($S58 / 100)-I58, ))), ) | AB58: =IF(H58<>"", IF(AND($P58=FALSE, $A58=FALSE), -H58, IF(AND($P58=FALSE, $A58=TRUE), 0, IF($P58=TRUE, (H58 / $R58) * 100 * ($S58 / 100)-H58, ))), ) | AC58: =IF(J58<>"", IF(AND($P58=FALSE, $A58=FALSE), -J58, IF(AND($P58=FALSE, $A58=TRUE), 0, IF($P58=TRUE, (J58 / $R58) * 100 * ($S58 / 100)-J58, ))), ) | AD58: =IF(K58<>"", IF(AND($P58=FALSE, $A58=FALSE), -K58, IF(AND($P58=FALSE, $A58=TRUE), 0, IF($P58=TRUE, (K58 / $R58) * 100 * ($S58 / 100)-K58, ))), ) | AE58: =IF(L58<>"", IF(AND($P58=FALSE, $A58=FALSE), -L58, IF(AND($P58=FALSE, $A58=TRUE), 0, IF($P58=TRUE, (L58 / $R58) * 100 * ($S58 / 100)-L58, ))), ) | AF58: =IF(M58<>"", IF(AND($P58=FALSE, $A58=FALSE), -M58, IF(AND($P58=FALSE, $A58=TRUE), 0, IF($P58=TRUE, (M58 / $R58) * 100 * ($S58 / 100)-M58, ))), ) | AG58: =IF(N58<>"", IF(AND($P58=FALSE, $A58=FALSE), -N58, IF(AND($P58=FALSE, $A58=TRUE), 0, IF($P58=TRUE, (N58 / $R58) * 100 * ($S58 / 100)-N58, ))), )
A59: FALSE | P59: FALSE | V59: ✅ | W59: / | X59: 2+ L. Musgrave rec | Z59: =IF(G59<>"", IF(AND($P59=FALSE, $A59=FALSE), -G59, IF(AND($P59=FALSE, $A59=TRUE), 0, IF($P59=TRUE, (G59 / $R59) * 100 * ($S59 / 100)-G59, ))), ) | AA59: =IF(I59<>"", IF(AND($P59=FALSE, $A59=FALSE), -I59, IF(AND($P59=FALSE, $A59=TRUE), 0, IF($P59=TRUE, (I59 / $R59) * 100 * ($S59 / 100)-I59, ))), ) | AB59: =IF(H59<>"", IF(AND($P59=FALSE, $A59=FALSE), -H59, IF(AND($P59=FALSE, $A59=TRUE), 0, IF($P59=TRUE, (H59 / $R59) * 100 * ($S59 / 100)-H59, ))), ) | AC59: =IF(J59<>"", IF(AND($P59=FALSE, $A59=FALSE), -J59, IF(AND($P59=FALSE, $A59=TRUE), 0, IF($P59=TRUE, (J59 / $R59) * 100 * ($S59 / 100)-J59, ))), ) | AD59: =IF(K59<>"", IF(AND($P59=FALSE, $A59=FALSE), -K59, IF(AND($P59=FALSE, $A59=TRUE), 0, IF($P59=TRUE, (K59 / $R59) * 100 * ($S59 / 100)-K59, ))), ) | AE59: =IF(L59<>"", IF(AND($P59=FALSE, $A59=FALSE), -L59, IF(AND($P59=FALSE, $A59=TRUE), 0, IF($P59=TRUE, (L59 / $R59) * 100 * ($S59 / 100)-L59, ))), ) | AF59: =IF(M59<>"", IF(AND($P59=FALSE, $A59=FALSE), -M59, IF(AND($P59=FALSE, $A59=TRUE), 0, IF($P59=TRUE, (M59 / $R59) * 100 * ($S59 / 100)-M59, ))), ) | AG59: =IF(N59<>"", IF(AND($P59=FALSE, $A59=FALSE), -N59, IF(AND($P59=FALSE, $A59=TRUE), 0, IF($P59=TRUE, (N59 / $R59) * 100 * ($S59 / 100)-N59, ))), )
A60: FALSE | P60: FALSE | V60: ❌ | W60: / | X60: 25+ D. Henderson rush yds | Z60: =IF(G60<>"", IF(AND($P60=FALSE, $A60=FALSE), -G60, IF(AND($P60=FALSE, $A60=TRUE), 0, IF($P60=TRUE, (G60 / $R60) * 100 * ($S60 / 100)-G60, ))), ) | AA60: =IF(I60<>"", IF(AND($P60=FALSE, $A60=FALSE), -I60, IF(AND($P60=FALSE, $A60=TRUE), 0, IF($P60=TRUE, (I60 / $R60) * 100 * ($S60 / 100)-I60, ))), ) | AB60: =IF(H60<>"", IF(AND($P60=FALSE, $A60=FALSE), -H60, IF(AND($P60=FALSE, $A60=TRUE), 0, IF($P60=TRUE, (H60 / $R60) * 100 * ($S60 / 100)-H60, ))), ) | AC60: =IF(J60<>"", IF(AND($P60=FALSE, $A60=FALSE), -J60, IF(AND($P60=FALSE, $A60=TRUE), 0, IF($P60=TRUE, (J60 / $R60) * 100 * ($S60 / 100)-J60, ))), ) | AD60: =IF(K60<>"", IF(AND($P60=FALSE, $A60=FALSE), -K60, IF(AND($P60=FALSE, $A60=TRUE), 0, IF($P60=TRUE, (K60 / $R60) * 100 * ($S60 / 100)-K60, ))), ) | AE60: =IF(L60<>"", IF(AND($P60=FALSE, $A60=FALSE), -L60, IF(AND($P60=FALSE, $A60=TRUE), 0, IF($P60=TRUE, (L60 / $R60) * 100 * ($S60 / 100)-L60, ))), ) | AF60: =IF(M60<>"", IF(AND($P60=FALSE, $A60=FALSE), -M60, IF(AND($P60=FALSE, $A60=TRUE), 0, IF($P60=TRUE, (M60 / $R60) * 100 * ($S60 / 100)-M60, ))), ) | AG60: =IF(N60<>"", IF(AND($P60=FALSE, $A60=FALSE), -N60, IF(AND($P60=FALSE, $A60=TRUE), 0, IF($P60=TRUE, (N60 / $R60) * 100 * ($S60 / 100)-N60, ))), )
A61: FALSE | D61: 45235 | E61: NFL | F61: 🏈 23-24 Wk 09 | G61: 1 | H61: 0.5 | I61: 2.5 | P61: FALSE | R61: 4 | S61: 9.95 | T61: --167 | Z61: =IF(G61<>"", IF(AND($P61=FALSE, $A61=FALSE), -G61, IF(AND($P61=FALSE, $A61=TRUE), 0, IF($P61=TRUE, (G61 / $R61) * 100 * ($S61 / 100)-G61, ))), ) -> -1 | AA61: =IF(I61<>"", IF(AND($P61=FALSE, $A61=FALSE), -I61, IF(AND($P61=FALSE, $A61=TRUE), 0, IF($P61=TRUE, (I61 / $R61) * 100 * ($S61 / 100)-I61, ))), ) -> -2.5 | AB61: =IF(H61<>"", IF(AND($P61=FALSE, $A61=FALSE), -H61, IF(AND($P61=FALSE, $A61=TRUE), 0, IF($P61=TRUE, (H61 / $R61) * 100 * ($S61 / 100)-H61, ))), ) -> -0.5 | AC61: =IF(J61<>"", IF(AND($P61=FALSE, $A61=FALSE), -J61, IF(AND($P61=FALSE, $A61=TRUE), 0, IF($P61=TRUE, (J61 / $R61) * 100 * ($S61 / 100)-J61, ))), ) | AD61: =IF(K61<>"", IF(AND($P61=FALSE, $A61=FALSE), -K61, IF(AND($P61=FALSE, $A61=TRUE), 0, IF($P61=TRUE, (K61 / $R61) * 100 * ($S61 / 100)-K61, ))), ) | AE61: =IF(L61<>"", IF(AND($P61=FALSE, $A61=FALSE), -L61, IF(AND($P61=FALSE, $A61=TRUE), 0, IF($P61=TRUE, (L61 / $R61) * 100 * ($S61 / 100)-L61, ))), ) | AF61: =IF(M61<>"", IF(AND($P61=FALSE, $A61=FALSE), -M61, IF(AND($P61=FALSE, $A61=TRUE), 0, IF($P61=TRUE, (M61 / $R61) * 100 * ($S61 / 100)-M61, ))), ) | AG61: =IF(N61<>"", IF(AND($P61=FALSE, $A61=FALSE), -N61, IF(AND($P61=FALSE, $A61=TRUE), 0, IF($P61=TRUE, (N61 / $R61) * 100 * ($S61 / 100)-N61, ))), )
A62: FALSE | P62: FALSE | V62: ✅ | W62: / | X62: 200+ B. Mayfield pass yds | Z62: =IF(G62<>"", IF(AND($P62=FALSE, $A62=FALSE), -G62, IF(AND($P62=FALSE, $A62=TRUE), 0, IF($P62=TRUE, (G62 / $R62) * 100 * ($S62 / 100)-G62, ))), ) | AA62: =IF(I62<>"", IF(AND($P62=FALSE, $A62=FALSE), -I62, IF(AND($P62=FALSE, $A62=TRUE), 0, IF($P62=TRUE, (I62 / $R62) * 100 * ($S62 / 100)-I62, ))), ) | AB62: =IF(H62<>"", IF(AND($P62=FALSE, $A62=FALSE), -H62, IF(AND($P62=FALSE, $A62=TRUE), 0, IF($P62=TRUE, (H62 / $R62) * 100 * ($S62 / 100)-H62, ))), ) | AC62: =IF(J62<>"", IF(AND($P62=FALSE, $A62=FALSE), -J62, IF(AND($P62=FALSE, $A62=TRUE), 0, IF($P62=TRUE, (J62 / $R62) * 100 * ($S62 / 100)-J62, ))), ) | AD62: =IF(K62<>"", IF(AND($P62=FALSE, $A62=FALSE), -K62, IF(AND($P62=FALSE, $A62=TRUE), 0, IF($P62=TRUE, (K62 / $R62) * 100 * ($S62 / 100)-K62, ))), ) | AE62: =IF(L62<>"", IF(AND($P62=FALSE, $A62=FALSE), -L62, IF(AND($P62=FALSE, $A62=TRUE), 0, IF($P62=TRUE, (L62 / $R62) * 100 * ($S62 / 100)-L62, ))), ) | AF62: =IF(M62<>"", IF(AND($P62=FALSE, $A62=FALSE), -M62, IF(AND($P62=FALSE, $A62=TRUE), 0, IF($P62=TRUE, (M62 / $R62) * 100 * ($S62 / 100)-M62, ))), ) | AG62: =IF(N62<>"", IF(AND($P62=FALSE, $A62=FALSE), -N62, IF(AND($P62=FALSE, $A62=TRUE), 0, IF($P62=TRUE, (N62 / $R62) * 100 * ($S62 / 100)-N62, ))), )
A63: FALSE | P63: FALSE | V63: ❌ | W63: / | X63: 40+ C. Godwin rec yds | Z63: =IF(G63<>"", IF(AND($P63=FALSE, $A63=FALSE), -G63, IF(AND($P63=FALSE, $A63=TRUE), 0, IF($P63=TRUE, (G63 / $R63) * 100 * ($S63 / 100)-G63, ))), ) | AA63: =IF(I63<>"", IF(AND($P63=FALSE, $A63=FALSE), -I63, IF(AND($P63=FALSE, $A63=TRUE), 0, IF($P63=TRUE, (I63 / $R63) * 100 * ($S63 / 100)-I63, ))), ) | AB63: =IF(H63<>"", IF(AND($P63=FALSE, $A63=FALSE), -H63, IF(AND($P63=FALSE, $A63=TRUE), 0, IF($P63=TRUE, (H63 / $R63) * 100 * ($S63 / 100)-H63, ))), ) | AC63: =IF(J63<>"", IF(AND($P63=FALSE, $A63=FALSE), -J63, IF(AND($P63=FALSE, $A63=TRUE), 0, IF($P63=TRUE, (J63 / $R63) * 100 * ($S63 / 100)-J63, ))), ) | AD63: =IF(K63<>"", IF(AND($P63=FALSE, $A63=FALSE), -K63, IF(AND($P63=FALSE, $A63=TRUE), 0, IF($P63=TRUE, (K63 / $R63) * 100 * ($S63 / 100)-K63, ))), ) | AE63: =IF(L63<>"", IF(AND($P63=FALSE, $A63=FALSE), -L63, IF(AND($P63=FALSE, $A63=TRUE), 0, IF($P63=TRUE, (L63 / $R63) * 100 * ($S63 / 100)-L63, ))), ) | AF63: =IF(M63<>"", IF(AND($P63=FALSE, $A63=FALSE), -M63, IF(AND($P63=FALSE, $A63=TRUE), 0, IF($P63=TRUE, (M63 / $R63) * 100 * ($S63 / 100)-M63, ))), ) | AG63: =IF(N63<>"", IF(AND($P63=FALSE, $A63=FALSE), -N63, IF(AND($P63=FALSE, $A63=TRUE), 0, IF($P63=TRUE, (N63 / $R63) * 100 * ($S63 / 100)-N63, ))), )
A64: FALSE | P64: FALSE | V64: ❌ | W64: / | X64: 4+ C. Godwin rec | Z64: =IF(G64<>"", IF(AND($P64=FALSE, $A64=FALSE), -G64, IF(AND($P64=FALSE, $A64=TRUE), 0, IF($P64=TRUE, (G64 / $R64) * 100 * ($S64 / 100)-G64, ))), ) | AA64: =IF(I64<>"", IF(AND($P64=FALSE, $A64=FALSE), -I64, IF(AND($P64=FALSE, $A64=TRUE), 0, IF($P64=TRUE, (I64 / $R64) * 100 * ($S64 / 100)-I64, ))), ) | AB64: =IF(H64<>"", IF(AND($P64=FALSE, $A64=FALSE), -H64, IF(AND($P64=FALSE, $A64=TRUE), 0, IF($P64=TRUE, (H64 / $R64) * 100 * ($S64 / 100)-H64, ))), ) | AC64: =IF(J64<>"", IF(AND($P64=FALSE, $A64=FALSE), -J64, IF(AND($P64=FALSE, $A64=TRUE), 0, IF($P64=TRUE, (J64 / $R64) * 100 * ($S64 / 100)-J64, ))), ) | AD64: =IF(K64<>"", IF(AND($P64=FALSE, $A64=FALSE), -K64, IF(AND($P64=FALSE, $A64=TRUE), 0, IF($P64=TRUE, (K64 / $R64) * 100 * ($S64 / 100)-K64, ))), ) | AE64: =IF(L64<>"", IF(AND($P64=FALSE, $A64=FALSE), -L64, IF(AND($P64=FALSE, $A64=TRUE), 0, IF($P64=TRUE, (L64 / $R64) * 100 * ($S64 / 100)-L64, ))), ) | AF64: =IF(M64<>"", IF(AND($P64=FALSE, $A64=FALSE), -M64, IF(AND($P64=FALSE, $A64=TRUE), 0, IF($P64=TRUE, (M64 / $R64) * 100 * ($S64 / 100)-M64, ))), ) | AG64: =IF(N64<>"", IF(AND($P64=FALSE, $A64=FALSE), -N64, IF(AND($P64=FALSE, $A64=TRUE), 0, IF($P64=TRUE, (N64 / $R64) * 100 * ($S64 / 100)-N64, ))), )
A65: FALSE | P65: FALSE | V65: ❌ | W65: / | X65: 4+ N. Collins rec | Z65: =IF(G65<>"", IF(AND($P65=FALSE, $A65=FALSE), -G65, IF(AND($P65=FALSE, $A65=TRUE), 0, IF($P65=TRUE, (G65 / $R65) * 100 * ($S65 / 100)-G65, ))), ) | AA65: =IF(I65<>"", IF(AND($P65=FALSE, $A65=FALSE), -I65, IF(AND($P65=FALSE, $A65=TRUE), 0, IF($P65=TRUE, (I65 / $R65) * 100 * ($S65 / 100)-I65, ))), ) | AB65: =IF(H65<>"", IF(AND($P65=FALSE, $A65=FALSE), -H65, IF(AND($P65=FALSE, $A65=TRUE), 0, IF($P65=TRUE, (H65 / $R65) * 100 * ($S65 / 100)-H65, ))), ) | AC65: =IF(J65<>"", IF(AND($P65=FALSE, $A65=FALSE), -J65, IF(AND($P65=FALSE, $A65=TRUE), 0, IF($P65=TRUE, (J65 / $R65) * 100 * ($S65 / 100)-J65, ))), ) | AD65: =IF(K65<>"", IF(AND($P65=FALSE, $A65=FALSE), -K65, IF(AND($P65=FALSE, $A65=TRUE), 0, IF($P65=TRUE, (K65 / $R65) * 100 * ($S65 / 100)-K65, ))), ) | AE65: =IF(L65<>"", IF(AND($P65=FALSE, $A65=FALSE), -L65, IF(AND($P65=FALSE, $A65=TRUE), 0, IF($P65=TRUE, (L65 / $R65) * 100 * ($S65 / 100)-L65, ))), ) | AF65: =IF(M65<>"", IF(AND($P65=FALSE, $A65=FALSE), -M65, IF(AND($P65=FALSE, $A65=TRUE), 0, IF($P65=TRUE, (M65 / $R65) * 100 * ($S65 / 100)-M65, ))), ) | AG65: =IF(N65<>"", IF(AND($P65=FALSE, $A65=FALSE), -N65, IF(AND($P65=FALSE, $A65=TRUE), 0, IF($P65=TRUE, (N65 / $R65) * 100 * ($S65 / 100)-N65, ))), )
A66: FALSE | D66: 45235 | E66: NFL | F66: 🏈 23-24 Wk 09 | G66: 1 | H66: 0.5 | I66: 2.5 | P66: TRUE | R66: 4 | S66: 12.28 | T66: +207 | Z66: =IF(G66<>"", IF(AND($P66=FALSE, $A66=FALSE), -G66, IF(AND($P66=FALSE, $A66=TRUE), 0, IF($P66=TRUE, (G66 / $R66) * 100 * ($S66 / 100)-G66, ))), ) -> 2.07 | AA66: =IF(I66<>"", IF(AND($P66=FALSE, $A66=FALSE), -I66, IF(AND($P66=FALSE, $A66=TRUE), 0, IF($P66=TRUE, (I66 / $R66) * 100 * ($S66 / 100)-I66, ))), ) -> 5.175 | AB66: =IF(H66<>"", IF(AND($P66=FALSE, $A66=FALSE), -H66, IF(AND($P66=FALSE, $A66=TRUE), 0, IF($P66=TRUE, (H66 / $R66) * 100 * ($S66 / 100)-H66, ))), ) -> 1.035 | AC66: =IF(J66<>"", IF(AND($P66=FALSE, $A66=FALSE), -J66, IF(AND($P66=FALSE, $A66=TRUE), 0, IF($P66=TRUE, (J66 / $R66) * 100 * ($S66 / 100)-J66, ))), ) | AD66: =IF(K66<>"", IF(AND($P66=FALSE, $A66=FALSE), -K66, IF(AND($P66=FALSE, $A66=TRUE), 0, IF($P66=TRUE, (K66 / $R66) * 100 * ($S66 / 100)-K66, ))), ) | AE66: =IF(L66<>"", IF(AND($P66=FALSE, $A66=FALSE), -L66, IF(AND($P66=FALSE, $A66=TRUE), 0, IF($P66=TRUE, (L66 / $R66) * 100 * ($S66 / 100)-L66, ))), ) | AF66: =IF(M66<>"", IF(AND($P66=FALSE, $A66=FALSE), -M66, IF(AND($P66=FALSE, $A66=TRUE), 0, IF($P66=TRUE, (M66 / $R66) * 100 * ($S66 / 100)-M66, ))), ) | AG66: =IF(N66<>"", IF(AND($P66=FALSE, $A66=FALSE), -N66, IF(AND($P66=FALSE, $A66=TRUE), 0, IF($P66=TRUE, (N66 / $R66) * 100 * ($S66 / 100)-N66, ))), )
A67: FALSE | P67: FALSE | V67: ✅ | W67: / | X67: 40+ T. McLaurin rec yds | Z67: =IF(G67<>"", IF(AND($P67=FALSE, $A67=FALSE), -G67, IF(AND($P67=FALSE, $A67=TRUE), 0, IF($P67=TRUE, (G67 / $R67) * 100 * ($S67 / 100)-G67, ))), ) | AA67: =IF(I67<>"", IF(AND($P67=FALSE, $A67=FALSE), -I67, IF(AND($P67=FALSE, $A67=TRUE), 0, IF($P67=TRUE, (I67 / $R67) * 100 * ($S67 / 100)-I67, ))), ) | AB67: =IF(H67<>"", IF(AND($P67=FALSE, $A67=FALSE), -H67, IF(AND($P67=FALSE, $A67=TRUE), 0, IF($P67=TRUE, (H67 / $R67) * 100 * ($S67 / 100)-H67, ))), ) | AC67: =IF(J67<>"", IF(AND($P67=FALSE, $A67=FALSE), -J67, IF(AND($P67=FALSE, $A67=TRUE), 0, IF($P67=TRUE, (J67 / $R67) * 100 * ($S67 / 100)-J67, ))), ) | AD67: =IF(K67<>"", IF(AND($P67=FALSE, $A67=FALSE), -K67, IF(AND($P67=FALSE, $A67=TRUE), 0, IF($P67=TRUE, (K67 / $R67) * 100 * ($S67 / 100)-K67, ))), ) | AE67: =IF(L67<>"", IF(AND($P67=FALSE, $A67=FALSE), -L67, IF(AND($P67=FALSE, $A67=TRUE), 0, IF($P67=TRUE, (L67 / $R67) * 100 * ($S67 / 100)-L67, ))), ) | AF67: =IF(M67<>"", IF(AND($P67=FALSE, $A67=FALSE), -M67, IF(AND($P67=FALSE, $A67=TRUE), 0, IF($P67=TRUE, (M67 / $R67) * 100 * ($S67 / 100)-M67, ))), ) | AG67: =IF(N67<>"", IF(AND($P67=FALSE, $A67=FALSE), -N67, IF(AND($P67=FALSE, $A67=TRUE), 0, IF($P67=TRUE, (N67 / $R67) * 100 * ($S67 / 100)-N67, ))), )
A68: FALSE | P68: FALSE | V68: ✅ | W68: / | X68: 25+ J. Dotson rec yds | Z68: =IF(G68<>"", IF(AND($P68=FALSE, $A68=FALSE), -G68, IF(AND($P68=FALSE, $A68=TRUE), 0, IF($P68=TRUE, (G68 / $R68) * 100 * ($S68 / 100)-G68, ))), ) | AA68: =IF(I68<>"", IF(AND($P68=FALSE, $A68=FALSE), -I68, IF(AND($P68=FALSE, $A68=TRUE), 0, IF($P68=TRUE, (I68 / $R68) * 100 * ($S68 / 100)-I68, ))), ) | AB68: =IF(H68<>"", IF(AND($P68=FALSE, $A68=FALSE), -H68, IF(AND($P68=FALSE, $A68=TRUE), 0, IF($P68=TRUE, (H68 / $R68) * 100 * ($S68 / 100)-H68, ))), ) | AC68: =IF(J68<>"", IF(AND($P68=FALSE, $A68=FALSE), -J68, IF(AND($P68=FALSE, $A68=TRUE), 0, IF($P68=TRUE, (J68 / $R68) * 100 * ($S68 / 100)-J68, ))), ) | AD68: =IF(K68<>"", IF(AND($P68=FALSE, $A68=FALSE), -K68, IF(AND($P68=FALSE, $A68=TRUE), 0, IF($P68=TRUE, (K68 / $R68) * 100 * ($S68 / 100)-K68, ))), ) | AE68: =IF(L68<>"", IF(AND($P68=FALSE, $A68=FALSE), -L68, IF(AND($P68=FALSE, $A68=TRUE), 0, IF($P68=TRUE, (L68 / $R68) * 100 * ($S68 / 100)-L68, ))), ) | AF68: =IF(M68<>"", IF(AND($P68=FALSE, $A68=FALSE), -M68, IF(AND($P68=FALSE, $A68=TRUE), 0, IF($P68=TRUE, (M68 / $R68) * 100 * ($S68 / 100)-M68, ))), ) | AG68: =IF(N68<>"", IF(AND($P68=FALSE, $A68=FALSE), -N68, IF(AND($P68=FALSE, $A68=TRUE), 0, IF($P68=TRUE, (N68 / $R68) * 100 * ($S68 / 100)-N68, ))), )
A69: FALSE | P69: FALSE | V69: ✅ | W69: / | X69: 4+ T. McLaurin rec | Z69: =IF(G69<>"", IF(AND($P69=FALSE, $A69=FALSE), -G69, IF(AND($P69=FALSE, $A69=TRUE), 0, IF($P69=TRUE, (G69 / $R69) * 100 * ($S69 / 100)-G69, ))), ) | AA69: =IF(I69<>"", IF(AND($P69=FALSE, $A69=FALSE), -I69, IF(AND($P69=FALSE, $A69=TRUE), 0, IF($P69=TRUE, (I69 / $R69) * 100 * ($S69 / 100)-I69, ))), ) | AB69: =IF(H69<>"", IF(AND($P69=FALSE, $A69=FALSE), -H69, IF(AND($P69=FALSE, $A69=TRUE), 0, IF($P69=TRUE, (H69 / $R69) * 100 * ($S69 / 100)-H69, ))), ) | AC69: =IF(J69<>"", IF(AND($P69=FALSE, $A69=FALSE), -J69, IF(AND($P69=FALSE, $A69=TRUE), 0, IF($P69=TRUE, (J69 / $R69) * 100 * ($S69 / 100)-J69, ))), ) | AD69: =IF(K69<>"", IF(AND($P69=FALSE, $A69=FALSE), -K69, IF(AND($P69=FALSE, $A69=TRUE), 0, IF($P69=TRUE, (K69 / $R69) * 100 * ($S69 / 100)-K69, ))), ) | AE69: =IF(L69<>"", IF(AND($P69=FALSE, $A69=FALSE), -L69, IF(AND($P69=FALSE, $A69=TRUE), 0, IF($P69=TRUE, (L69 / $R69) * 100 * ($S69 / 100)-L69, ))), ) | AF69: =IF(M69<>"", IF(AND($P69=FALSE, $A69=FALSE), -M69, IF(AND($P69=FALSE, $A69=TRUE), 0, IF($P69=TRUE, (M69 / $R69) * 100 * ($S69 / 100)-M69, ))), ) | AG69: =IF(N69<>"", IF(AND($P69=FALSE, $A69=FALSE), -N69, IF(AND($P69=FALSE, $A69=TRUE), 0, IF($P69=TRUE, (N69 / $R69) * 100 * ($S69 / 100)-N69, ))), )
A70: FALSE | P70: FALSE | V70: ✅ | W70: / | X70: 25+ R. Stevenson rush yds | Z70: =IF(G70<>"", IF(AND($P70=FALSE, $A70=FALSE), -G70, IF(AND($P70=FALSE, $A70=TRUE), 0, IF($P70=TRUE, (G70 / $R70) * 100 * ($S70 / 100)-G70, ))), ) | AA70: =IF(I70<>"", IF(AND($P70=FALSE, $A70=FALSE), -I70, IF(AND($P70=FALSE, $A70=TRUE), 0, IF($P70=TRUE, (I70 / $R70) * 100 * ($S70 / 100)-I70, ))), ) | AB70: =IF(H70<>"", IF(AND($P70=FALSE, $A70=FALSE), -H70, IF(AND($P70=FALSE, $A70=TRUE), 0, IF($P70=TRUE, (H70 / $R70) * 100 * ($S70 / 100)-H70, ))), ) | AC70: =IF(J70<>"", IF(AND($P70=FALSE, $A70=FALSE), -J70, IF(AND($P70=FALSE, $A70=TRUE), 0, IF($P70=TRUE, (J70 / $R70) * 100 * ($S70 / 100)-J70, ))), ) | AD70: =IF(K70<>"", IF(AND($P70=FALSE, $A70=FALSE), -K70, IF(AND($P70=FALSE, $A70=TRUE), 0, IF($P70=TRUE, (K70 / $R70) * 100 * ($S70 / 100)-K70, ))), ) | AE70: =IF(L70<>"", IF(AND($P70=FALSE, $A70=FALSE), -L70, IF(AND($P70=FALSE, $A70=TRUE), 0, IF($P70=TRUE, (L70 / $R70) * 100 * ($S70 / 100)-L70, ))), ) | AF70: =IF(M70<>"", IF(AND($P70=FALSE, $A70=FALSE), -M70, IF(AND($P70=FALSE, $A70=TRUE), 0, IF($P70=TRUE, (M70 / $R70) * 100 * ($S70 / 100)-M70, ))), ) | AG70: =IF(N70<>"", IF(AND($P70=FALSE, $A70=FALSE), -N70, IF(AND($P70=FALSE, $A70=TRUE), 0, IF($P70=TRUE, (N70 / $R70) * 100 * ($S70 / 100)-N70, ))), )
A71: FALSE | P71: FALSE | V71: ✅ | W71: / | X71: 25+ B. Robinson rush yds | Z71: =IF(G71<>"", IF(AND($P71=FALSE, $A71=FALSE), -G71, IF(AND($P71=FALSE, $A71=TRUE), 0, IF($P71=TRUE, (G71 / $R71) * 100 * ($S71 / 100)-G71, ))), ) | AA71: =IF(I71<>"", IF(AND($P71=FALSE, $A71=FALSE), -I71, IF(AND($P71=FALSE, $A71=TRUE), 0, IF($P71=TRUE, (I71 / $R71) * 100 * ($S71 / 100)-I71, ))), ) | AB71: =IF(H71<>"", IF(AND($P71=FALSE, $A71=FALSE), -H71, IF(AND($P71=FALSE, $A71=TRUE), 0, IF($P71=TRUE, (H71 / $R71) * 100 * ($S71 / 100)-H71, ))), ) | AC71: =IF(J71<>"", IF(AND($P71=FALSE, $A71=FALSE), -J71, IF(AND($P71=FALSE, $A71=TRUE), 0, IF($P71=TRUE, (J71 / $R71) * 100 * ($S71 / 100)-J71, ))), ) | AD71: =IF(K71<>"", IF(AND($P71=FALSE, $A71=FALSE), -K71, IF(AND($P71=FALSE, $A71=TRUE), 0, IF($P71=TRUE, (K71 / $R71) * 100 * ($S71 / 100)-K71, ))), ) | AE71: =IF(L71<>"", IF(AND($P71=FALSE, $A71=FALSE), -L71, IF(AND($P71=FALSE, $A71=TRUE), 0, IF($P71=TRUE, (L71 / $R71) * 100 * ($S71 / 100)-L71, ))), ) | AF71: =IF(M71<>"", IF(AND($P71=FALSE, $A71=FALSE), -M71, IF(AND($P71=FALSE, $A71=TRUE), 0, IF($P71=TRUE, (M71 / $R71) * 100 * ($S71 / 100)-M71, ))), ) | AG71: =IF(N71<>"", IF(AND($P71=FALSE, $A71=FALSE), -N71, IF(AND($P71=FALSE, $A71=TRUE), 0, IF($P71=TRUE, (N71 / $R71) * 100 * ($S71 / 100)-N71, ))), )
A72: FALSE | D72: 45235 | E72: NFL | F72: 🏈 23-24 Wk 09 | G72: 2 | H72: 1 | P72: FALSE | R72: 3 | S72: 8.11 | T72: +170 | Z72: =IF(G72<>"", IF(AND($P72=FALSE, $A72=FALSE), -G72, IF(AND($P72=FALSE, $A72=TRUE), 0, IF($P72=TRUE, (G72 / $R72) * 100 * ($S72 / 100)-G72, ))), ) -> -2 | AA72: =IF(I72<>"", IF(AND($P72=FALSE, $A72=FALSE), -I72, IF(AND($P72=FALSE, $A72=TRUE), 0, IF($P72=TRUE, (I72 / $R72) * 100 * ($S72 / 100)-I72, ))), ) | AB72: =IF(H72<>"", IF(AND($P72=FALSE, $A72=FALSE), -H72, IF(AND($P72=FALSE, $A72=TRUE), 0, IF($P72=TRUE, (H72 / $R72) * 100 * ($S72 / 100)-H72, ))), ) -> -1 | AC72: =IF(J72<>"", IF(AND($P72=FALSE, $A72=FALSE), -J72, IF(AND($P72=FALSE, $A72=TRUE), 0, IF($P72=TRUE, (J72 / $R72) * 100 * ($S72 / 100)-J72, ))), ) | AD72: =IF(K72<>"", IF(AND($P72=FALSE, $A72=FALSE), -K72, IF(AND($P72=FALSE, $A72=TRUE), 0, IF($P72=TRUE, (K72 / $R72) * 100 * ($S72 / 100)-K72, ))), ) | AE72: =IF(L72<>"", IF(AND($P72=FALSE, $A72=FALSE), -L72, IF(AND($P72=FALSE, $A72=TRUE), 0, IF($P72=TRUE, (L72 / $R72) * 100 * ($S72 / 100)-L72, ))), ) | AF72: =IF(M72<>"", IF(AND($P72=FALSE, $A72=FALSE), -M72, IF(AND($P72=FALSE, $A72=TRUE), 0, IF($P72=TRUE, (M72 / $R72) * 100 * ($S72 / 100)-M72, ))), ) | AG72: =IF(N72<>"", IF(AND($P72=FALSE, $A72=FALSE), -N72, IF(AND($P72=FALSE, $A72=TRUE), 0, IF($P72=TRUE, (N72 / $R72) * 100 * ($S72 / 100)-N72, ))), )
A73: FALSE | P73: FALSE | V73: ✅ | W73: / | X73: 40+ D. Moore rec yds | Z73: =IF(G73<>"", IF(AND($P73=FALSE, $A73=FALSE), -G73, IF(AND($P73=FALSE, $A73=TRUE), 0, IF($P73=TRUE, (G73 / $R73) * 100 * ($S73 / 100)-G73, ))), ) | AA73: =IF(I73<>"", IF(AND($P73=FALSE, $A73=FALSE), -I73, IF(AND($P73=FALSE, $A73=TRUE), 0, IF($P73=TRUE, (I73 / $R73) * 100 * ($S73 / 100)-I73, ))), ) | AB73: =IF(H73<>"", IF(AND($P73=FALSE, $A73=FALSE), -H73, IF(AND($P73=FALSE, $A73=TRUE), 0, IF($P73=TRUE, (H73 / $R73) * 100 * ($S73 / 100)-H73, ))), ) | AC73: =IF(J73<>"", IF(AND($P73=FALSE, $A73=FALSE), -J73, IF(AND($P73=FALSE, $A73=TRUE), 0, IF($P73=TRUE, (J73 / $R73) * 100 * ($S73 / 100)-J73, ))), ) | AD73: =IF(K73<>"", IF(AND($P73=FALSE, $A73=FALSE), -K73, IF(AND($P73=FALSE, $A73=TRUE), 0, IF($P73=TRUE, (K73 / $R73) * 100 * ($S73 / 100)-K73, ))), ) | AE73: =IF(L73<>"", IF(AND($P73=FALSE, $A73=FALSE), -L73, IF(AND($P73=FALSE, $A73=TRUE), 0, IF($P73=TRUE, (L73 / $R73) * 100 * ($S73 / 100)-L73, ))), ) | AF73: =IF(M73<>"", IF(AND($P73=FALSE, $A73=FALSE), -M73, IF(AND($P73=FALSE, $A73=TRUE), 0, IF($P73=TRUE, (M73 / $R73) * 100 * ($S73 / 100)-M73, ))), ) | AG73: =IF(N73<>"", IF(AND($P73=FALSE, $A73=FALSE), -N73, IF(AND($P73=FALSE, $A73=TRUE), 0, IF($P73=TRUE, (N73 / $R73) * 100 * ($S73 / 100)-N73, ))), )
A74: FALSE | P74: FALSE | V74: ✅ | W74: / | X74: 25+ A. Kamara rec yds | Z74: =IF(G74<>"", IF(AND($P74=FALSE, $A74=FALSE), -G74, IF(AND($P74=FALSE, $A74=TRUE), 0, IF($P74=TRUE, (G74 / $R74) * 100 * ($S74 / 100)-G74, ))), ) | AA74: =IF(I74<>"", IF(AND($P74=FALSE, $A74=FALSE), -I74, IF(AND($P74=FALSE, $A74=TRUE), 0, IF($P74=TRUE, (I74 / $R74) * 100 * ($S74 / 100)-I74, ))), ) | AB74: =IF(H74<>"", IF(AND($P74=FALSE, $A74=FALSE), -H74, IF(AND($P74=FALSE, $A74=TRUE), 0, IF($P74=TRUE, (H74 / $R74) * 100 * ($S74 / 100)-H74, ))), ) | AC74: =IF(J74<>"", IF(AND($P74=FALSE, $A74=FALSE), -J74, IF(AND($P74=FALSE, $A74=TRUE), 0, IF($P74=TRUE, (J74 / $R74) * 100 * ($S74 / 100)-J74, ))), ) | AD74: =IF(K74<>"", IF(AND($P74=FALSE, $A74=FALSE), -K74, IF(AND($P74=FALSE, $A74=TRUE), 0, IF($P74=TRUE, (K74 / $R74) * 100 * ($S74 / 100)-K74, ))), ) | AE74: =IF(L74<>"", IF(AND($P74=FALSE, $A74=FALSE), -L74, IF(AND($P74=FALSE, $A74=TRUE), 0, IF($P74=TRUE, (L74 / $R74) * 100 * ($S74 / 100)-L74, ))), ) | AF74: =IF(M74<>"", IF(AND($P74=FALSE, $A74=FALSE), -M74, IF(AND($P74=FALSE, $A74=TRUE), 0, IF($P74=TRUE, (M74 / $R74) * 100 * ($S74 / 100)-M74, ))), ) | AG74: =IF(N74<>"", IF(AND($P74=FALSE, $A74=FALSE), -N74, IF(AND($P74=FALSE, $A74=TRUE), 0, IF($P74=TRUE, (N74 / $R74) * 100 * ($S74 / 100)-N74, ))), )
A75: FALSE | P75: FALSE | V75: ❌ | W75: / | X75: 40+ A. Kamara rush yds | Z75: =IF(G75<>"", IF(AND($P75=FALSE, $A75=FALSE), -G75, IF(AND($P75=FALSE, $A75=TRUE), 0, IF($P75=TRUE, (G75 / $R75) * 100 * ($S75 / 100)-G75, ))), ) | AA75: =IF(I75<>"", IF(AND($P75=FALSE, $A75=FALSE), -I75, IF(AND($P75=FALSE, $A75=TRUE), 0, IF($P75=TRUE, (I75 / $R75) * 100 * ($S75 / 100)-I75, ))), ) | AB75: =IF(H75<>"", IF(AND($P75=FALSE, $A75=FALSE), -H75, IF(AND($P75=FALSE, $A75=TRUE), 0, IF($P75=TRUE, (H75 / $R75) * 100 * ($S75 / 100)-H75, ))), ) | AC75: =IF(J75<>"", IF(AND($P75=FALSE, $A75=FALSE), -J75, IF(AND($P75=FALSE, $A75=TRUE), 0, IF($P75=TRUE, (J75 / $R75) * 100 * ($S75 / 100)-J75, ))), ) | AD75: =IF(K75<>"", IF(AND($P75=FALSE, $A75=FALSE), -K75, IF(AND($P75=FALSE, $A75=TRUE), 0, IF($P75=TRUE, (K75 / $R75) * 100 * ($S75 / 100)-K75, ))), ) | AE75: =IF(L75<>"", IF(AND($P75=FALSE, $A75=FALSE), -L75, IF(AND($P75=FALSE, $A75=TRUE), 0, IF($P75=TRUE, (L75 / $R75) * 100 * ($S75 / 100)-L75, ))), ) | AF75: =IF(M75<>"", IF(AND($P75=FALSE, $A75=FALSE), -M75, IF(AND($P75=FALSE, $A75=TRUE), 0, IF($P75=TRUE, (M75 / $R75) * 100 * ($S75 / 100)-M75, ))), ) | AG75: =IF(N75<>"", IF(AND($P75=FALSE, $A75=FALSE), -N75, IF(AND($P75=FALSE, $A75=TRUE), 0, IF($P75=TRUE, (N75 / $R75) * 100 * ($S75 / 100)-N75, ))), )
A76: FALSE | P76: FALSE | V76: ❌ | W76: / | X76: 4+ D. Moore rec | Z76: =IF(G76<>"", IF(AND($P76=FALSE, $A76=FALSE), -G76, IF(AND($P76=FALSE, $A76=TRUE), 0, IF($P76=TRUE, (G76 / $R76) * 100 * ($S76 / 100)-G76, ))), ) | AA76: =IF(I76<>"", IF(AND($P76=FALSE, $A76=FALSE), -I76, IF(AND($P76=FALSE, $A76=TRUE), 0, IF($P76=TRUE, (I76 / $R76) * 100 * ($S76 / 100)-I76, ))), ) | AB76: =IF(H76<>"", IF(AND($P76=FALSE, $A76=FALSE), -H76, IF(AND($P76=FALSE, $A76=TRUE), 0, IF($P76=TRUE, (H76 / $R76) * 100 * ($S76 / 100)-H76, ))), ) | AC76: =IF(J76<>"", IF(AND($P76=FALSE, $A76=FALSE), -J76, IF(AND($P76=FALSE, $A76=TRUE), 0, IF($P76=TRUE, (J76 / $R76) * 100 * ($S76 / 100)-J76, ))), ) | AD76: =IF(K76<>"", IF(AND($P76=FALSE, $A76=FALSE), -K76, IF(AND($P76=FALSE, $A76=TRUE), 0, IF($P76=TRUE, (K76 / $R76) * 100 * ($S76 / 100)-K76, ))), ) | AE76: =IF(L76<>"", IF(AND($P76=FALSE, $A76=FALSE), -L76, IF(AND($P76=FALSE, $A76=TRUE), 0, IF($P76=TRUE, (L76 / $R76) * 100 * ($S76 / 100)-L76, ))), ) | AF76: =IF(M76<>"", IF(AND($P76=FALSE, $A76=FALSE), -M76, IF(AND($P76=FALSE, $A76=TRUE), 0, IF($P76=TRUE, (M76 / $R76) * 100 * ($S76 / 100)-M76, ))), ) | AG76: =IF(N76<>"", IF(AND($P76=FALSE, $A76=FALSE), -N76, IF(AND($P76=FALSE, $A76=TRUE), 0, IF($P76=TRUE, (N76 / $R76) * 100 * ($S76 / 100)-N76, ))), )
A77: FALSE | D77: 45235 | E77: NFL | F77: 🏈 23-24 Wk 09 | G77: 1 | H77: 0.5 | I77: 2.5 | P77: TRUE | R77: 4 | S77: 13.29 | T77: +232 | Z77: =IF(G77<>"", IF(AND($P77=FALSE, $A77=FALSE), -G77, IF(AND($P77=FALSE, $A77=TRUE), 0, IF($P77=TRUE, (G77 / $R77) * 100 * ($S77 / 100)-G77, ))), ) -> 2.3225 | AA77: =IF(I77<>"", IF(AND($P77=FALSE, $A77=FALSE), -I77, IF(AND($P77=FALSE, $A77=TRUE), 0, IF($P77=TRUE, (I77 / $R77) * 100 * ($S77 / 100)-I77, ))), ) -> 5.80625 | AB77: =IF(H77<>"", IF(AND($P77=FALSE, $A77=FALSE), -H77, IF(AND($P77=FALSE, $A77=TRUE), 0, IF($P77=TRUE, (H77 / $R77) * 100 * ($S77 / 100)-H77, ))), ) -> 1.16125 | AC77: =IF(J77<>"", IF(AND($P77=FALSE, $A77=FALSE), -J77, IF(AND($P77=FALSE, $A77=TRUE), 0, IF($P77=TRUE, (J77 / $R77) * 100 * ($S77 / 100)-J77, ))), ) | AD77: =IF(K77<>"", IF(AND($P77=FALSE, $A77=FALSE), -K77, IF(AND($P77=FALSE, $A77=TRUE), 0, IF($P77=TRUE, (K77 / $R77) * 100 * ($S77 / 100)-K77, ))), ) | AE77: =IF(L77<>"", IF(AND($P77=FALSE, $A77=FALSE), -L77, IF(AND($P77=FALSE, $A77=TRUE), 0, IF($P77=TRUE, (L77 / $R77) * 100 * ($S77 / 100)-L77, ))), ) | AF77: =IF(M77<>"", IF(AND($P77=FALSE, $A77=FALSE), -M77, IF(AND($P77=FALSE, $A77=TRUE), 0, IF($P77=TRUE, (M77 / $R77) * 100 * ($S77 / 100)-M77, ))), ) | AG77: =IF(N77<>"", IF(AND($P77=FALSE, $A77=FALSE), -N77, IF(AND($P77=FALSE, $A77=TRUE), 0, IF($P77=TRUE, (N77 / $R77) * 100 * ($S77 / 100)-N77, ))), )
A78: FALSE | P78: FALSE | V78: ✅ | W78: / | X78: 25+ K. Pitts rec yds | Z78: =IF(G78<>"", IF(AND($P78=FALSE, $A78=FALSE), -G78, IF(AND($P78=FALSE, $A78=TRUE), 0, IF($P78=TRUE, (G78 / $R78) * 100 * ($S78 / 100)-G78, ))), ) | AA78: =IF(I78<>"", IF(AND($P78=FALSE, $A78=FALSE), -I78, IF(AND($P78=FALSE, $A78=TRUE), 0, IF($P78=TRUE, (I78 / $R78) * 100 * ($S78 / 100)-I78, ))), ) | AB78: =IF(H78<>"", IF(AND($P78=FALSE, $A78=FALSE), -H78, IF(AND($P78=FALSE, $A78=TRUE), 0, IF($P78=TRUE, (H78 / $R78) * 100 * ($S78 / 100)-H78, ))), ) | AC78: =IF(J78<>"", IF(AND($P78=FALSE, $A78=FALSE), -J78, IF(AND($P78=FALSE, $A78=TRUE), 0, IF($P78=TRUE, (J78 / $R78) * 100 * ($S78 / 100)-J78, ))), ) | AD78: =IF(K78<>"", IF(AND($P78=FALSE, $A78=FALSE), -K78, IF(AND($P78=FALSE, $A78=TRUE), 0, IF($P78=TRUE, (K78 / $R78) * 100 * ($S78 / 100)-K78, ))), ) | AE78: =IF(L78<>"", IF(AND($P78=FALSE, $A78=FALSE), -L78, IF(AND($P78=FALSE, $A78=TRUE), 0, IF($P78=TRUE, (L78 / $R78) * 100 * ($S78 / 100)-L78, ))), ) | AF78: =IF(M78<>"", IF(AND($P78=FALSE, $A78=FALSE), -M78, IF(AND($P78=FALSE, $A78=TRUE), 0, IF($P78=TRUE, (M78 / $R78) * 100 * ($S78 / 100)-M78, ))), ) | AG78: =IF(N78<>"", IF(AND($P78=FALSE, $A78=FALSE), -N78, IF(AND($P78=FALSE, $A78=TRUE), 0, IF($P78=TRUE, (N78 / $R78) * 100 * ($S78 / 100)-N78, ))), )
A79: FALSE | P79: FALSE | V79: ✅ | W79: / | X79: 3+ K. Pitts rec | Z79: =IF(G79<>"", IF(AND($P79=FALSE, $A79=FALSE), -G79, IF(AND($P79=FALSE, $A79=TRUE), 0, IF($P79=TRUE, (G79 / $R79) * 100 * ($S79 / 100)-G79, ))), ) | AA79: =IF(I79<>"", IF(AND($P79=FALSE, $A79=FALSE), -I79, IF(AND($P79=FALSE, $A79=TRUE), 0, IF($P79=TRUE, (I79 / $R79) * 100 * ($S79 / 100)-I79, ))), ) | AB79: =IF(H79<>"", IF(AND($P79=FALSE, $A79=FALSE), -H79, IF(AND($P79=FALSE, $A79=TRUE), 0, IF($P79=TRUE, (H79 / $R79) * 100 * ($S79 / 100)-H79, ))), ) | AC79: =IF(J79<>"", IF(AND($P79=FALSE, $A79=FALSE), -J79, IF(AND($P79=FALSE, $A79=TRUE), 0, IF($P79=TRUE, (J79 / $R79) * 100 * ($S79 / 100)-J79, ))), ) | AD79: =IF(K79<>"", IF(AND($P79=FALSE, $A79=FALSE), -K79, IF(AND($P79=FALSE, $A79=TRUE), 0, IF($P79=TRUE, (K79 / $R79) * 100 * ($S79 / 100)-K79, ))), ) | AE79: =IF(L79<>"", IF(AND($P79=FALSE, $A79=FALSE), -L79, IF(AND($P79=FALSE, $A79=TRUE), 0, IF($P79=TRUE, (L79 / $R79) * 100 * ($S79 / 100)-L79, ))), ) | AF79: =IF(M79<>"", IF(AND($P79=FALSE, $A79=FALSE), -M79, IF(AND($P79=FALSE, $A79=TRUE), 0, IF($P79=TRUE, (M79 / $R79) * 100 * ($S79 / 100)-M79, ))), ) | AG79: =IF(N79<>"", IF(AND($P79=FALSE, $A79=FALSE), -N79, IF(AND($P79=FALSE, $A79=TRUE), 0, IF($P79=TRUE, (N79 / $R79) * 100 * ($S79 / 100)-N79, ))), )
A80: FALSE | P80: FALSE | V80: ✅ | W80: / | X80: 40+ B. Robinson rush yds | Z80: =IF(G80<>"", IF(AND($P80=FALSE, $A80=FALSE), -G80, IF(AND($P80=FALSE, $A80=TRUE), 0, IF($P80=TRUE, (G80 / $R80) * 100 * ($S80 / 100)-G80, ))), ) | AA80: =IF(I80<>"", IF(AND($P80=FALSE, $A80=FALSE), -I80, IF(AND($P80=FALSE, $A80=TRUE), 0, IF($P80=TRUE, (I80 / $R80) * 100 * ($S80 / 100)-I80, ))), ) | AB80: =IF(H80<>"", IF(AND($P80=FALSE, $A80=FALSE), -H80, IF(AND($P80=FALSE, $A80=TRUE), 0, IF($P80=TRUE, (H80 / $R80) * 100 * ($S80 / 100)-H80, ))), ) | AC80: =IF(J80<>"", IF(AND($P80=FALSE, $A80=FALSE), -J80, IF(AND($P80=FALSE, $A80=TRUE), 0, IF($P80=TRUE, (J80 / $R80) * 100 * ($S80 / 100)-J80, ))), ) | AD80: =IF(K80<>"", IF(AND($P80=FALSE, $A80=FALSE), -K80, IF(AND($P80=FALSE, $A80=TRUE), 0, IF($P80=TRUE, (K80 / $R80) * 100 * ($S80 / 100)-K80, ))), ) | AE80: =IF(L80<>"", IF(AND($P80=FALSE, $A80=FALSE), -L80, IF(AND($P80=FALSE, $A80=TRUE), 0, IF($P80=TRUE, (L80 / $R80) * 100 * ($S80 / 100)-L80, ))), ) | AF80: =IF(M80<>"", IF(AND($P80=FALSE, $A80=FALSE), -M80, IF(AND($P80=FALSE, $A80=TRUE), 0, IF($P80=TRUE, (M80 / $R80) * 100 * ($S80 / 100)-M80, ))), ) | AG80: =IF(N80<>"", IF(AND($P80=FALSE, $A80=FALSE), -N80, IF(AND($P80=FALSE, $A80=TRUE), 0, IF($P80=TRUE, (N80 / $R80) * 100 * ($S80 / 100)-N80, ))), )
A81: FALSE | P81: FALSE | V81: ✅ | W81: / | X81: 25+ A. Mattison rush yds | Z81: =IF(G81<>"", IF(AND($P81=FALSE, $A81=FALSE), -G81, IF(AND($P81=FALSE, $A81=TRUE), 0, IF($P81=TRUE, (G81 / $R81) * 100 * ($S81 / 100)-G81, ))), ) | AA81: =IF(I81<>"", IF(AND($P81=FALSE, $A81=FALSE), -I81, IF(AND($P81=FALSE, $A81=TRUE), 0, IF($P81=TRUE, (I81 / $R81) * 100 * ($S81 / 100)-I81, ))), ) | AB81: =IF(H81<>"", IF(AND($P81=FALSE, $A81=FALSE), -H81, IF(AND($P81=FALSE, $A81=TRUE), 0, IF($P81=TRUE, (H81 / $R81) * 100 * ($S81 / 100)-H81, ))), ) | AC81: =IF(J81<>"", IF(AND($P81=FALSE, $A81=FALSE), -J81, IF(AND($P81=FALSE, $A81=TRUE), 0, IF($P81=TRUE, (J81 / $R81) * 100 * ($S81 / 100)-J81, ))), ) | AD81: =IF(K81<>"", IF(AND($P81=FALSE, $A81=FALSE), -K81, IF(AND($P81=FALSE, $A81=TRUE), 0, IF($P81=TRUE, (K81 / $R81) * 100 * ($S81 / 100)-K81, ))), ) | AE81: =IF(L81<>"", IF(AND($P81=FALSE, $A81=FALSE), -L81, IF(AND($P81=FALSE, $A81=TRUE), 0, IF($P81=TRUE, (L81 / $R81) * 100 * ($S81 / 100)-L81, ))), ) | AF81: =IF(M81<>"", IF(AND($P81=FALSE, $A81=FALSE), -M81, IF(AND($P81=FALSE, $A81=TRUE), 0, IF($P81=TRUE, (M81 / $R81) * 100 * ($S81 / 100)-M81, ))), ) | AG81: =IF(N81<>"", IF(AND($P81=FALSE, $A81=FALSE), -N81, IF(AND($P81=FALSE, $A81=TRUE), 0, IF($P81=TRUE, (N81 / $R81) * 100 * ($S81 / 100)-N81, ))), )
A82: FALSE | D82: 45235 | E82: NFL | F82: 🏈 23-24 Wk 09 | G82: 2 | H82: 1 | P82: FALSE | R82: 3 | S82: 8.26 | T82: +175 | Z82: =IF(G82<>"", IF(AND($P82=FALSE, $A82=FALSE), -G82, IF(AND($P82=FALSE, $A82=TRUE), 0, IF($P82=TRUE, (G82 / $R82) * 100 * ($S82 / 100)-G82, ))), ) -> -2 | AA82: =IF(I82<>"", IF(AND($P82=FALSE, $A82=FALSE), -I82, IF(AND($P82=FALSE, $A82=TRUE), 0, IF($P82=TRUE, (I82 / $R82) * 100 * ($S82 / 100)-I82, ))), ) | AB82: =IF(H82<>"", IF(AND($P82=FALSE, $A82=FALSE), -H82, IF(AND($P82=FALSE, $A82=TRUE), 0, IF($P82=TRUE, (H82 / $R82) * 100 * ($S82 / 100)-H82, ))), ) -> -1 | AC82: =IF(J82<>"", IF(AND($P82=FALSE, $A82=FALSE), -J82, IF(AND($P82=FALSE, $A82=TRUE), 0, IF($P82=TRUE, (J82 / $R82) * 100 * ($S82 / 100)-J82, ))), ) | AD82: =IF(K82<>"", IF(AND($P82=FALSE, $A82=FALSE), -K82, IF(AND($P82=FALSE, $A82=TRUE), 0, IF($P82=TRUE, (K82 / $R82) * 100 * ($S82 / 100)-K82, ))), ) | AE82: =IF(L82<>"", IF(AND($P82=FALSE, $A82=FALSE), -L82, IF(AND($P82=FALSE, $A82=TRUE), 0, IF($P82=TRUE, (L82 / $R82) * 100 * ($S82 / 100)-L82, ))), ) | AF82: =IF(M82<>"", IF(AND($P82=FALSE, $A82=FALSE), -M82, IF(AND($P82=FALSE, $A82=TRUE), 0, IF($P82=TRUE, (M82 / $R82) * 100 * ($S82 / 100)-M82, ))), ) | AG82: =IF(N82<>"", IF(AND($P82=FALSE, $A82=FALSE), -N82, IF(AND($P82=FALSE, $A82=TRUE), 0, IF($P82=TRUE, (N82 / $R82) * 100 * ($S82 / 100)-N82, ))), )
A83: FALSE | P83: FALSE | V83: ✅ | W83: / | X83: BAL -2.5 | Z83: =IF(G83<>"", IF(AND($P83=FALSE, $A83=FALSE), -G83, IF(AND($P83=FALSE, $A83=TRUE), 0, IF($P83=TRUE, (G83 / $R83) * 100 * ($S83 / 100)-G83, ))), ) | AA83: =IF(I83<>"", IF(AND($P83=FALSE, $A83=FALSE), -I83, IF(AND($P83=FALSE, $A83=TRUE), 0, IF($P83=TRUE, (I83 / $R83) * 100 * ($S83 / 100)-I83, ))), ) | AB83: =IF(H83<>"", IF(AND($P83=FALSE, $A83=FALSE), -H83, IF(AND($P83=FALSE, $A83=TRUE), 0, IF($P83=TRUE, (H83 / $R83) * 100 * ($S83 / 100)-H83, ))), ) | AC83: =IF(J83<>"", IF(AND($P83=FALSE, $A83=FALSE), -J83, IF(AND($P83=FALSE, $A83=TRUE), 0, IF($P83=TRUE, (J83 / $R83) * 100 * ($S83 / 100)-J83, ))), ) | AD83: =IF(K83<>"", IF(AND($P83=FALSE, $A83=FALSE), -K83, IF(AND($P83=FALSE, $A83=TRUE), 0, IF($P83=TRUE, (K83 / $R83) * 100 * ($S83 / 100)-K83, ))), ) | AE83: =IF(L83<>"", IF(AND($P83=FALSE, $A83=FALSE), -L83, IF(AND($P83=FALSE, $A83=TRUE), 0, IF($P83=TRUE, (L83 / $R83) * 100 * ($S83 / 100)-L83, ))), ) | AF83: =IF(M83<>"", IF(AND($P83=FALSE, $A83=FALSE), -M83, IF(AND($P83=FALSE, $A83=TRUE), 0, IF($P83=TRUE, (M83 / $R83) * 100 * ($S83 / 100)-M83, ))), ) | AG83: =IF(N83<>"", IF(AND($P83=FALSE, $A83=FALSE), -N83, IF(AND($P83=FALSE, $A83=TRUE), 0, IF($P83=TRUE, (N83 / $R83) * 100 * ($S83 / 100)-N83, ))), )
A84: FALSE | P84: FALSE | V84: ✅ | W84: / | X84: 40+ DK Metcalf rec yds | Z84: =IF(G84<>"", IF(AND($P84=FALSE, $A84=FALSE), -G84, IF(AND($P84=FALSE, $A84=TRUE), 0, IF($P84=TRUE, (G84 / $R84) * 100 * ($S84 / 100)-G84, ))), ) | AA84: =IF(I84<>"", IF(AND($P84=FALSE, $A84=FALSE), -I84, IF(AND($P84=FALSE, $A84=TRUE), 0, IF($P84=TRUE, (I84 / $R84) * 100 * ($S84 / 100)-I84, ))), ) | AB84: =IF(H84<>"", IF(AND($P84=FALSE, $A84=FALSE), -H84, IF(AND($P84=FALSE, $A84=TRUE), 0, IF($P84=TRUE, (H84 / $R84) * 100 * ($S84 / 100)-H84, ))), ) | AC84: =IF(J84<>"", IF(AND($P84=FALSE, $A84=FALSE), -J84, IF(AND($P84=FALSE, $A84=TRUE), 0, IF($P84=TRUE, (J84 / $R84) * 100 * ($S84 / 100)-J84, ))), ) | AD84: =IF(K84<>"", IF(AND($P84=FALSE, $A84=FALSE), -K84, IF(AND($P84=FALSE, $A84=TRUE), 0, IF($P84=TRUE, (K84 / $R84) * 100 * ($S84 / 100)-K84, ))), ) | AE84: =IF(L84<>"", IF(AND($P84=FALSE, $A84=FALSE), -L84, IF(AND($P84=FALSE, $A84=TRUE), 0, IF($P84=TRUE, (L84 / $R84) * 100 * ($S84 / 100)-L84, ))), ) | AF84: =IF(M84<>"", IF(AND($P84=FALSE, $A84=FALSE), -M84, IF(AND($P84=FALSE, $A84=TRUE), 0, IF($P84=TRUE, (M84 / $R84) * 100 * ($S84 / 100)-M84, ))), ) | AG84: =IF(N84<>"", IF(AND($P84=FALSE, $A84=FALSE), -N84, IF(AND($P84=FALSE, $A84=TRUE), 0, IF($P84=TRUE, (N84 / $R84) * 100 * ($S84 / 100)-N84, ))), )
A85: FALSE | P85: FALSE | V85: ❌ | W85: / | X85: 4+ Z. Flowers rec | Z85: =IF(G85<>"", IF(AND($P85=FALSE, $A85=FALSE), -G85, IF(AND($P85=FALSE, $A85=TRUE), 0, IF($P85=TRUE, (G85 / $R85) * 100 * ($S85 / 100)-G85, ))), ) | AA85: =IF(I85<>"", IF(AND($P85=FALSE, $A85=FALSE), -I85, IF(AND($P85=FALSE, $A85=TRUE), 0, IF($P85=TRUE, (I85 / $R85) * 100 * ($S85 / 100)-I85, ))), ) | AB85: =IF(H85<>"", IF(AND($P85=FALSE, $A85=FALSE), -H85, IF(AND($P85=FALSE, $A85=TRUE), 0, IF($P85=TRUE, (H85 / $R85) * 100 * ($S85 / 100)-H85, ))), ) | AC85: =IF(J85<>"", IF(AND($P85=FALSE, $A85=FALSE), -J85, IF(AND($P85=FALSE, $A85=TRUE), 0, IF($P85=TRUE, (J85 / $R85) * 100 * ($S85 / 100)-J85, ))), ) | AD85: =IF(K85<>"", IF(AND($P85=FALSE, $A85=FALSE), -K85, IF(AND($P85=FALSE, $A85=TRUE), 0, IF($P85=TRUE, (K85 / $R85) * 100 * ($S85 / 100)-K85, ))), ) | AE85: =IF(L85<>"", IF(AND($P85=FALSE, $A85=FALSE), -L85, IF(AND($P85=FALSE, $A85=TRUE), 0, IF($P85=TRUE, (L85 / $R85) * 100 * ($S85 / 100)-L85, ))), ) | AF85: =IF(M85<>"", IF(AND($P85=FALSE, $A85=FALSE), -M85, IF(AND($P85=FALSE, $A85=TRUE), 0, IF($P85=TRUE, (M85 / $R85) * 100 * ($S85 / 100)-M85, ))), ) | AG85: =IF(N85<>"", IF(AND($P85=FALSE, $A85=FALSE), -N85, IF(AND($P85=FALSE, $A85=TRUE), 0, IF($P85=TRUE, (N85 / $R85) * 100 * ($S85 / 100)-N85, ))), )
A86: FALSE | D86: 45235 | E86: NFL | F86: 🏈 23-24 Wk 09 | G86: 1.5 | H86: 0.75 | P86: TRUE | R86: 2.25 | S86: 7.43 | T86: +230 | Z86: =IF(G86<>"", IF(AND($P86=FALSE, $A86=FALSE), -G86, IF(AND($P86=FALSE, $A86=TRUE), 0, IF($P86=TRUE, (G86 / $R86) * 100 * ($S86 / 100)-G86, ))), ) -> 3.4533333 | AA86: =IF(I86<>"", IF(AND($P86=FALSE, $A86=FALSE), -I86, IF(AND($P86=FALSE, $A86=TRUE), 0, IF($P86=TRUE, (I86 / $R86) * 100 * ($S86 / 100)-I86, ))), ) | AB86: =IF(H86<>"", IF(AND($P86=FALSE, $A86=FALSE), -H86, IF(AND($P86=FALSE, $A86=TRUE), 0, IF($P86=TRUE, (H86 / $R86) * 100 * ($S86 / 100)-H86, ))), ) -> 1.7266667 | AC86: =IF(J86<>"", IF(AND($P86=FALSE, $A86=FALSE), -J86, IF(AND($P86=FALSE, $A86=TRUE), 0, IF($P86=TRUE, (J86 / $R86) * 100 * ($S86 / 100)-J86, ))), ) | AD86: =IF(K86<>"", IF(AND($P86=FALSE, $A86=FALSE), -K86, IF(AND($P86=FALSE, $A86=TRUE), 0, IF($P86=TRUE, (K86 / $R86) * 100 * ($S86 / 100)-K86, ))), ) | AE86: =IF(L86<>"", IF(AND($P86=FALSE, $A86=FALSE), -L86, IF(AND($P86=FALSE, $A86=TRUE), 0, IF($P86=TRUE, (L86 / $R86) * 100 * ($S86 / 100)-L86, ))), ) | AF86: =IF(M86<>"", IF(AND($P86=FALSE, $A86=FALSE), -M86, IF(AND($P86=FALSE, $A86=TRUE), 0, IF($P86=TRUE, (M86 / $R86) * 100 * ($S86 / 100)-M86, ))), ) | AG86: =IF(N86<>"", IF(AND($P86=FALSE, $A86=FALSE), -N86, IF(AND($P86=FALSE, $A86=TRUE), 0, IF($P86=TRUE, (N86 / $R86) * 100 * ($S86 / 100)-N86, ))), )
A87: FALSE | P87: FALSE | V87: ✅ | W87: / | X87: 6+ J. Hurts, D. Prescott & B. Mayfield total TD | Z87: =IF(G87<>"", IF(AND($P87=FALSE, $A87=FALSE), -G87, IF(AND($P87=FALSE, $A87=TRUE), 0, IF($P87=TRUE, (G87 / $R87) * 100 * ($S87 / 100)-G87, ))), ) | AA87: =IF(I87<>"", IF(AND($P87=FALSE, $A87=FALSE), -I87, IF(AND($P87=FALSE, $A87=TRUE), 0, IF($P87=TRUE, (I87 / $R87) * 100 * ($S87 / 100)-I87, ))), ) | AB87: =IF(H87<>"", IF(AND($P87=FALSE, $A87=FALSE), -H87, IF(AND($P87=FALSE, $A87=TRUE), 0, IF($P87=TRUE, (H87 / $R87) * 100 * ($S87 / 100)-H87, ))), ) | AC87: =IF(J87<>"", IF(AND($P87=FALSE, $A87=FALSE), -J87, IF(AND($P87=FALSE, $A87=TRUE), 0, IF($P87=TRUE, (J87 / $R87) * 100 * ($S87 / 100)-J87, ))), ) | AD87: =IF(K87<>"", IF(AND($P87=FALSE, $A87=FALSE), -K87, IF(AND($P87=FALSE, $A87=TRUE), 0, IF($P87=TRUE, (K87 / $R87) * 100 * ($S87 / 100)-K87, ))), ) | AE87: =IF(L87<>"", IF(AND($P87=FALSE, $A87=FALSE), -L87, IF(AND($P87=FALSE, $A87=TRUE), 0, IF($P87=TRUE, (L87 / $R87) * 100 * ($S87 / 100)-L87, ))), ) | AF87: =IF(M87<>"", IF(AND($P87=FALSE, $A87=FALSE), -M87, IF(AND($P87=FALSE, $A87=TRUE), 0, IF($P87=TRUE, (M87 / $R87) * 100 * ($S87 / 100)-M87, ))), ) | AG87: =IF(N87<>"", IF(AND($P87=FALSE, $A87=FALSE), -N87, IF(AND($P87=FALSE, $A87=TRUE), 0, IF($P87=TRUE, (N87 / $R87) * 100 * ($S87 / 100)-N87, ))), )
A88: FALSE | D88: 45235 | E88: NFL | F88: 🏈 23-24 Wk 09 | G88: 2 | H88: 1 | P88: TRUE | R88: 3 | S88: 8.57 | T88: +186 | Z88: =IF(G88<>"", IF(AND($P88=FALSE, $A88=FALSE), -G88, IF(AND($P88=FALSE, $A88=TRUE), 0, IF($P88=TRUE, (G88 / $R88) * 100 * ($S88 / 100)-G88, ))), ) -> 3.7133333 | AA88: =IF(I88<>"", IF(AND($P88=FALSE, $A88=FALSE), -I88, IF(AND($P88=FALSE, $A88=TRUE), 0, IF($P88=TRUE, (I88 / $R88) * 100 * ($S88 / 100)-I88, ))), ) | AB88: =IF(H88<>"", IF(AND($P88=FALSE, $A88=FALSE), -H88, IF(AND($P88=FALSE, $A88=TRUE), 0, IF($P88=TRUE, (H88 / $R88) * 100 * ($S88 / 100)-H88, ))), ) -> 1.8566667 | AC88: =IF(J88<>"", IF(AND($P88=FALSE, $A88=FALSE), -J88, IF(AND($P88=FALSE, $A88=TRUE), 0, IF($P88=TRUE, (J88 / $R88) * 100 * ($S88 / 100)-J88, ))), ) | AD88: =IF(K88<>"", IF(AND($P88=FALSE, $A88=FALSE), -K88, IF(AND($P88=FALSE, $A88=TRUE), 0, IF($P88=TRUE, (K88 / $R88) * 100 * ($S88 / 100)-K88, ))), ) | AE88: =IF(L88<>"", IF(AND($P88=FALSE, $A88=FALSE), -L88, IF(AND($P88=FALSE, $A88=TRUE), 0, IF($P88=TRUE, (L88 / $R88) * 100 * ($S88 / 100)-L88, ))), ) | AF88: =IF(M88<>"", IF(AND($P88=FALSE, $A88=FALSE), -M88, IF(AND($P88=FALSE, $A88=TRUE), 0, IF($P88=TRUE, (M88 / $R88) * 100 * ($S88 / 100)-M88, ))), ) | AG88: =IF(N88<>"", IF(AND($P88=FALSE, $A88=FALSE), -N88, IF(AND($P88=FALSE, $A88=TRUE), 0, IF($P88=TRUE, (N88 / $R88) * 100 * ($S88 / 100)-N88, ))), )
A89: FALSE | P89: FALSE | V89: ✅ | W89: / | X89: PUNT - SEA | Z89: =IF(G89<>"", IF(AND($P89=FALSE, $A89=FALSE), -G89, IF(AND($P89=FALSE, $A89=TRUE), 0, IF($P89=TRUE, (G89 / $R89) * 100 * ($S89 / 100)-G89, ))), ) | AA89: =IF(I89<>"", IF(AND($P89=FALSE, $A89=FALSE), -I89, IF(AND($P89=FALSE, $A89=TRUE), 0, IF($P89=TRUE, (I89 / $R89) * 100 * ($S89 / 100)-I89, ))), ) | AB89: =IF(H89<>"", IF(AND($P89=FALSE, $A89=FALSE), -H89, IF(AND($P89=FALSE, $A89=TRUE), 0, IF($P89=TRUE, (H89 / $R89) * 100 * ($S89 / 100)-H89, ))), ) | AC89: =IF(J89<>"", IF(AND($P89=FALSE, $A89=FALSE), -J89, IF(AND($P89=FALSE, $A89=TRUE), 0, IF($P89=TRUE, (J89 / $R89) * 100 * ($S89 / 100)-J89, ))), ) | AD89: =IF(K89<>"", IF(AND($P89=FALSE, $A89=FALSE), -K89, IF(AND($P89=FALSE, $A89=TRUE), 0, IF($P89=TRUE, (K89 / $R89) * 100 * ($S89 / 100)-K89, ))), ) | AE89: =IF(L89<>"", IF(AND($P89=FALSE, $A89=FALSE), -L89, IF(AND($P89=FALSE, $A89=TRUE), 0, IF($P89=TRUE, (L89 / $R89) * 100 * ($S89 / 100)-L89, ))), ) | AF89: =IF(M89<>"", IF(AND($P89=FALSE, $A89=FALSE), -M89, IF(AND($P89=FALSE, $A89=TRUE), 0, IF($P89=TRUE, (M89 / $R89) * 100 * ($S89 / 100)-M89, ))), ) | AG89: =IF(N89<>"", IF(AND($P89=FALSE, $A89=FALSE), -N89, IF(AND($P89=FALSE, $A89=TRUE), 0, IF($P89=TRUE, (N89 / $R89) * 100 * ($S89 / 100)-N89, ))), )
A90: FALSE | P90: FALSE | V90: ✅ | W90: / | X90: PUNT - MIN | Z90: =IF(G90<>"", IF(AND($P90=FALSE, $A90=FALSE), -G90, IF(AND($P90=FALSE, $A90=TRUE), 0, IF($P90=TRUE, (G90 / $R90) * 100 * ($S90 / 100)-G90, ))), ) | AA90: =IF(I90<>"", IF(AND($P90=FALSE, $A90=FALSE), -I90, IF(AND($P90=FALSE, $A90=TRUE), 0, IF($P90=TRUE, (I90 / $R90) * 100 * ($S90 / 100)-I90, ))), ) | AB90: =IF(H90<>"", IF(AND($P90=FALSE, $A90=FALSE), -H90, IF(AND($P90=FALSE, $A90=TRUE), 0, IF($P90=TRUE, (H90 / $R90) * 100 * ($S90 / 100)-H90, ))), ) | AC90: =IF(J90<>"", IF(AND($P90=FALSE, $A90=FALSE), -J90, IF(AND($P90=FALSE, $A90=TRUE), 0, IF($P90=TRUE, (J90 / $R90) * 100 * ($S90 / 100)-J90, ))), ) | AD90: =IF(K90<>"", IF(AND($P90=FALSE, $A90=FALSE), -K90, IF(AND($P90=FALSE, $A90=TRUE), 0, IF($P90=TRUE, (K90 / $R90) * 100 * ($S90 / 100)-K90, ))), ) | AE90: =IF(L90<>"", IF(AND($P90=FALSE, $A90=FALSE), -L90, IF(AND($P90=FALSE, $A90=TRUE), 0, IF($P90=TRUE, (L90 / $R90) * 100 * ($S90 / 100)-L90, ))), ) | AF90: =IF(M90<>"", IF(AND($P90=FALSE, $A90=FALSE), -M90, IF(AND($P90=FALSE, $A90=TRUE), 0, IF($P90=TRUE, (M90 / $R90) * 100 * ($S90 / 100)-M90, ))), ) | AG90: =IF(N90<>"", IF(AND($P90=FALSE, $A90=FALSE), -N90, IF(AND($P90=FALSE, $A90=TRUE), 0, IF($P90=TRUE, (N90 / $R90) * 100 * ($S90 / 100)-N90, ))), )
A91: FALSE | D91: 45235 | E91: NFL | F91: 🏈 23-24 Wk 09 | G91: 1.75 | H91: 1 | I91: 1 | P91: FALSE | R91: 3.75 | S91: 10.14 | T91: +170 | Z91: =IF(G91<>"", IF(AND($P91=FALSE, $A91=FALSE), -G91, IF(AND($P91=FALSE, $A91=TRUE), 0, IF($P91=TRUE, (G91 / $R91) * 100 * ($S91 / 100)-G91, ))), ) -> -1.75 | AA91: =IF(I91<>"", IF(AND($P91=FALSE, $A91=FALSE), -I91, IF(AND($P91=FALSE, $A91=TRUE), 0, IF($P91=TRUE, (I91 / $R91) * 100 * ($S91 / 100)-I91, ))), ) -> -1 | AB91: =IF(H91<>"", IF(AND($P91=FALSE, $A91=FALSE), -H91, IF(AND($P91=FALSE, $A91=TRUE), 0, IF($P91=TRUE, (H91 / $R91) * 100 * ($S91 / 100)-H91, ))), ) -> -1 | AC91: =IF(J91<>"", IF(AND($P91=FALSE, $A91=FALSE), -J91, IF(AND($P91=FALSE, $A91=TRUE), 0, IF($P91=TRUE, (J91 / $R91) * 100 * ($S91 / 100)-J91, ))), ) | AD91: =IF(K91<>"", IF(AND($P91=FALSE, $A91=FALSE), -K91, IF(AND($P91=FALSE, $A91=TRUE), 0, IF($P91=TRUE, (K91 / $R91) * 100 * ($S91 / 100)-K91, ))), ) | AE91: =IF(L91<>"", IF(AND($P91=FALSE, $A91=FALSE), -L91, IF(AND($P91=FALSE, $A91=TRUE), 0, IF($P91=TRUE, (L91 / $R91) * 100 * ($S91 / 100)-L91, ))), ) | AF91: =IF(M91<>"", IF(AND($P91=FALSE, $A91=FALSE), -M91, IF(AND($P91=FALSE, $A91=TRUE), 0, IF($P91=TRUE, (M91 / $R91) * 100 * ($S91 / 100)-M91, ))), ) | AG91: =IF(N91<>"", IF(AND($P91=FALSE, $A91=FALSE), -N91, IF(AND($P91=FALSE, $A91=TRUE), 0, IF($P91=TRUE, (N91 / $R91) * 100 * ($S91 / 100)-N91, ))), )
A92: FALSE | P92: FALSE | V92: ❌ | W92: / | X92: PUNT - CHI | Z92: =IF(G92<>"", IF(AND($P92=FALSE, $A92=FALSE), -G92, IF(AND($P92=FALSE, $A92=TRUE), 0, IF($P92=TRUE, (G92 / $R92) * 100 * ($S92 / 100)-G92, ))), ) | AA92: =IF(I92<>"", IF(AND($P92=FALSE, $A92=FALSE), -I92, IF(AND($P92=FALSE, $A92=TRUE), 0, IF($P92=TRUE, (I92 / $R92) * 100 * ($S92 / 100)-I92, ))), ) | AB92: =IF(H92<>"", IF(AND($P92=FALSE, $A92=FALSE), -H92, IF(AND($P92=FALSE, $A92=TRUE), 0, IF($P92=TRUE, (H92 / $R92) * 100 * ($S92 / 100)-H92, ))), ) | AC92: =IF(J92<>"", IF(AND($P92=FALSE, $A92=FALSE), -J92, IF(AND($P92=FALSE, $A92=TRUE), 0, IF($P92=TRUE, (J92 / $R92) * 100 * ($S92 / 100)-J92, ))), ) | AD92: =IF(K92<>"", IF(AND($P92=FALSE, $A92=FALSE), -K92, IF(AND($P92=FALSE, $A92=TRUE), 0, IF($P92=TRUE, (K92 / $R92) * 100 * ($S92 / 100)-K92, ))), ) | AE92: =IF(L92<>"", IF(AND($P92=FALSE, $A92=FALSE), -L92, IF(AND($P92=FALSE, $A92=TRUE), 0, IF($P92=TRUE, (L92 / $R92) * 100 * ($S92 / 100)-L92, ))), ) | AF92: =IF(M92<>"", IF(AND($P92=FALSE, $A92=FALSE), -M92, IF(AND($P92=FALSE, $A92=TRUE), 0, IF($P92=TRUE, (M92 / $R92) * 100 * ($S92 / 100)-M92, ))), ) | AG92: =IF(N92<>"", IF(AND($P92=FALSE, $A92=FALSE), -N92, IF(AND($P92=FALSE, $A92=TRUE), 0, IF($P92=TRUE, (N92 / $R92) * 100 * ($S92 / 100)-N92, ))), )
A93: FALSE | P93: FALSE | V93: ✅ | W93: / | X93: PUNT - LV | Z93: =IF(G93<>"", IF(AND($P93=FALSE, $A93=FALSE), -G93, IF(AND($P93=FALSE, $A93=TRUE), 0, IF($P93=TRUE, (G93 / $R93) * 100 * ($S93 / 100)-G93, ))), ) | AA93: =IF(I93<>"", IF(AND($P93=FALSE, $A93=FALSE), -I93, IF(AND($P93=FALSE, $A93=TRUE), 0, IF($P93=TRUE, (I93 / $R93) * 100 * ($S93 / 100)-I93, ))), ) | AB93: =IF(H93<>"", IF(AND($P93=FALSE, $A93=FALSE), -H93, IF(AND($P93=FALSE, $A93=TRUE), 0, IF($P93=TRUE, (H93 / $R93) * 100 * ($S93 / 100)-H93, ))), ) | AC93: =IF(J93<>"", IF(AND($P93=FALSE, $A93=FALSE), -J93, IF(AND($P93=FALSE, $A93=TRUE), 0, IF($P93=TRUE, (J93 / $R93) * 100 * ($S93 / 100)-J93, ))), ) | AD93: =IF(K93<>"", IF(AND($P93=FALSE, $A93=FALSE), -K93, IF(AND($P93=FALSE, $A93=TRUE), 0, IF($P93=TRUE, (K93 / $R93) * 100 * ($S93 / 100)-K93, ))), ) | AE93: =IF(L93<>"", IF(AND($P93=FALSE, $A93=FALSE), -L93, IF(AND($P93=FALSE, $A93=TRUE), 0, IF($P93=TRUE, (L93 / $R93) * 100 * ($S93 / 100)-L93, ))), ) | AF93: =IF(M93<>"", IF(AND($P93=FALSE, $A93=FALSE), -M93, IF(AND($P93=FALSE, $A93=TRUE), 0, IF($P93=TRUE, (M93 / $R93) * 100 * ($S93 / 100)-M93, ))), ) | AG93: =IF(N93<>"", IF(AND($P93=FALSE, $A93=FALSE), -N93, IF(AND($P93=FALSE, $A93=TRUE), 0, IF($P93=TRUE, (N93 / $R93) * 100 * ($S93 / 100)-N93, ))), )
A94: FALSE | D94: 45235 | E94: NFL | F94: 🏈 23-24 Wk 09 | G94: 2 | H94: 1 | I94: 0 | P94: TRUE | R94: 3 | S94: 8.73 | T94: +191 | Z94: =IF(G94<>"", IF(AND($P94=FALSE, $A94=FALSE), -G94, IF(AND($P94=FALSE, $A94=TRUE), 0, IF($P94=TRUE, (G94 / $R94) * 100 * ($S94 / 100)-G94, ))), ) -> 3.82 | AA94: =IF(I94<>"", IF(AND($P94=FALSE, $A94=FALSE), -I94, IF(AND($P94=FALSE, $A94=TRUE), 0, IF($P94=TRUE, (I94 / $R94) * 100 * ($S94 / 100)-I94, ))), ) -> 0 | AB94: =IF(H94<>"", IF(AND($P94=FALSE, $A94=FALSE), -H94, IF(AND($P94=FALSE, $A94=TRUE), 0, IF($P94=TRUE, (H94 / $R94) * 100 * ($S94 / 100)-H94, ))), ) -> 1.91 | AC94: =IF(J94<>"", IF(AND($P94=FALSE, $A94=FALSE), -J94, IF(AND($P94=FALSE, $A94=TRUE), 0, IF($P94=TRUE, (J94 / $R94) * 100 * ($S94 / 100)-J94, ))), ) | AD94: =IF(K94<>"", IF(AND($P94=FALSE, $A94=FALSE), -K94, IF(AND($P94=FALSE, $A94=TRUE), 0, IF($P94=TRUE, (K94 / $R94) * 100 * ($S94 / 100)-K94, ))), ) | AE94: =IF(L94<>"", IF(AND($P94=FALSE, $A94=FALSE), -L94, IF(AND($P94=FALSE, $A94=TRUE), 0, IF($P94=TRUE, (L94 / $R94) * 100 * ($S94 / 100)-L94, ))), ) | AF94: =IF(M94<>"", IF(AND($P94=FALSE, $A94=FALSE), -M94, IF(AND($P94=FALSE, $A94=TRUE), 0, IF($P94=TRUE, (M94 / $R94) * 100 * ($S94 / 100)-M94, ))), ) | AG94: =IF(N94<>"", IF(AND($P94=FALSE, $A94=FALSE), -N94, IF(AND($P94=FALSE, $A94=TRUE), 0, IF($P94=TRUE, (N94 / $R94) * 100 * ($S94 / 100)-N94, ))), )
A95: FALSE | P95: FALSE | V95: ✅ | W95: / | X95: PUNT - NYG | Z95: =IF(G95<>"", IF(AND($P95=FALSE, $A95=FALSE), -G95, IF(AND($P95=FALSE, $A95=TRUE), 0, IF($P95=TRUE, (G95 / $R95) * 100 * ($S95 / 100)-G95, ))), ) | AA95: =IF(I95<>"", IF(AND($P95=FALSE, $A95=FALSE), -I95, IF(AND($P95=FALSE, $A95=TRUE), 0, IF($P95=TRUE, (I95 / $R95) * 100 * ($S95 / 100)-I95, ))), ) | AB95: =IF(H95<>"", IF(AND($P95=FALSE, $A95=FALSE), -H95, IF(AND($P95=FALSE, $A95=TRUE), 0, IF($P95=TRUE, (H95 / $R95) * 100 * ($S95 / 100)-H95, ))), ) | AC95: =IF(J95<>"", IF(AND($P95=FALSE, $A95=FALSE), -J95, IF(AND($P95=FALSE, $A95=TRUE), 0, IF($P95=TRUE, (J95 / $R95) * 100 * ($S95 / 100)-J95, ))), ) | AD95: =IF(K95<>"", IF(AND($P95=FALSE, $A95=FALSE), -K95, IF(AND($P95=FALSE, $A95=TRUE), 0, IF($P95=TRUE, (K95 / $R95) * 100 * ($S95 / 100)-K95, ))), ) | AE95: =IF(L95<>"", IF(AND($P95=FALSE, $A95=FALSE), -L95, IF(AND($P95=FALSE, $A95=TRUE), 0, IF($P95=TRUE, (L95 / $R95) * 100 * ($S95 / 100)-L95, ))), ) | AF95: =IF(M95<>"", IF(AND($P95=FALSE, $A95=FALSE), -M95, IF(AND($P95=FALSE, $A95=TRUE), 0, IF($P95=TRUE, (M95 / $R95) * 100 * ($S95 / 100)-M95, ))), ) | AG95: =IF(N95<>"", IF(AND($P95=FALSE, $A95=FALSE), -N95, IF(AND($P95=FALSE, $A95=TRUE), 0, IF($P95=TRUE, (N95 / $R95) * 100 * ($S95 / 100)-N95, ))), )
A96: FALSE | P96: FALSE | V96: ✅ | W96: / | X96: PUNT - LAR | Z96: =IF(G96<>"", IF(AND($P96=FALSE, $A96=FALSE), -G96, IF(AND($P96=FALSE, $A96=TRUE), 0, IF($P96=TRUE, (G96 / $R96) * 100 * ($S96 / 100)-G96, ))), ) | AA96: =IF(I96<>"", IF(AND($P96=FALSE, $A96=FALSE), -I96, IF(AND($P96=FALSE, $A96=TRUE), 0, IF($P96=TRUE, (I96 / $R96) * 100 * ($S96 / 100)-I96, ))), ) | AB96: =IF(H96<>"", IF(AND($P96=FALSE, $A96=FALSE), -H96, IF(AND($P96=FALSE, $A96=TRUE), 0, IF($P96=TRUE, (H96 / $R96) * 100 * ($S96 / 100)-H96, ))), ) | AC96: =IF(J96<>"", IF(AND($P96=FALSE, $A96=FALSE), -J96, IF(AND($P96=FALSE, $A96=TRUE), 0, IF($P96=TRUE, (J96 / $R96) * 100 * ($S96 / 100)-J96, ))), ) | AD96: =IF(K96<>"", IF(AND($P96=FALSE, $A96=FALSE), -K96, IF(AND($P96=FALSE, $A96=TRUE), 0, IF($P96=TRUE, (K96 / $R96) * 100 * ($S96 / 100)-K96, ))), ) | AE96: =IF(L96<>"", IF(AND($P96=FALSE, $A96=FALSE), -L96, IF(AND($P96=FALSE, $A96=TRUE), 0, IF($P96=TRUE, (L96 / $R96) * 100 * ($S96 / 100)-L96, ))), ) | AF96: =IF(M96<>"", IF(AND($P96=FALSE, $A96=FALSE), -M96, IF(AND($P96=FALSE, $A96=TRUE), 0, IF($P96=TRUE, (M96 / $R96) * 100 * ($S96 / 100)-M96, ))), ) | AG96: =IF(N96<>"", IF(AND($P96=FALSE, $A96=FALSE), -N96, IF(AND($P96=FALSE, $A96=TRUE), 0, IF($P96=TRUE, (N96 / $R96) * 100 * ($S96 / 100)-N96, ))), )
A97: FALSE | D97: 45235 | E97: NFL | F97: 🏈 23-24 Wk 09 | G97: 1 | H97: 0.5 | I97: 1.5 | P97: TRUE | R97: 3 | S97: 7.82 | T97: --162 | Z97: =IF(G97<>"", IF(AND($P97=FALSE, $A97=FALSE), -G97, IF(AND($P97=FALSE, $A97=TRUE), 0, IF($P97=TRUE, (G97 / $R97) * 100 * ($S97 / 100)-G97, ))), ) -> 1.6066667 | AA97: =IF(I97<>"", IF(AND($P97=FALSE, $A97=FALSE), -I97, IF(AND($P97=FALSE, $A97=TRUE), 0, IF($P97=TRUE, (I97 / $R97) * 100 * ($S97 / 100)-I97, ))), ) -> 2.41 | AB97: =IF(H97<>"", IF(AND($P97=FALSE, $A97=FALSE), -H97, IF(AND($P97=FALSE, $A97=TRUE), 0, IF($P97=TRUE, (H97 / $R97) * 100 * ($S97 / 100)-H97, ))), ) -> 0.80333333 | AC97: =IF(J97<>"", IF(AND($P97=FALSE, $A97=FALSE), -J97, IF(AND($P97=FALSE, $A97=TRUE), 0, IF($P97=TRUE, (J97 / $R97) * 100 * ($S97 / 100)-J97, ))), ) | AD97: =IF(K97<>"", IF(AND($P97=FALSE, $A97=FALSE), -K97, IF(AND($P97=FALSE, $A97=TRUE), 0, IF($P97=TRUE, (K97 / $R97) * 100 * ($S97 / 100)-K97, ))), ) | AE97: =IF(L97<>"", IF(AND($P97=FALSE, $A97=FALSE), -L97, IF(AND($P97=FALSE, $A97=TRUE), 0, IF($P97=TRUE, (L97 / $R97) * 100 * ($S97 / 100)-L97, ))), ) | AF97: =IF(M97<>"", IF(AND($P97=FALSE, $A97=FALSE), -M97, IF(AND($P97=FALSE, $A97=TRUE), 0, IF($P97=TRUE, (M97 / $R97) * 100 * ($S97 / 100)-M97, ))), ) | AG97: =IF(N97<>"", IF(AND($P97=FALSE, $A97=FALSE), -N97, IF(AND($P97=FALSE, $A97=TRUE), 0, IF($P97=TRUE, (N97 / $R97) * 100 * ($S97 / 100)-N97, ))), )
A98: FALSE | P98: FALSE | V98: ✅ | W98: / | X98: u45 Total Points | Z98: =IF(G98<>"", IF(AND($P98=FALSE, $A98=FALSE), -G98, IF(AND($P98=FALSE, $A98=TRUE), 0, IF($P98=TRUE, (G98 / $R98) * 100 * ($S98 / 100)-G98, ))), ) | AA98: =IF(I98<>"", IF(AND($P98=FALSE, $A98=FALSE), -I98, IF(AND($P98=FALSE, $A98=TRUE), 0, IF($P98=TRUE, (I98 / $R98) * 100 * ($S98 / 100)-I98, ))), ) | AB98: =IF(H98<>"", IF(AND($P98=FALSE, $A98=FALSE), -H98, IF(AND($P98=FALSE, $A98=TRUE), 0, IF($P98=TRUE, (H98 / $R98) * 100 * ($S98 / 100)-H98, ))), ) | AC98: =IF(J98<>"", IF(AND($P98=FALSE, $A98=FALSE), -J98, IF(AND($P98=FALSE, $A98=TRUE), 0, IF($P98=TRUE, (J98 / $R98) * 100 * ($S98 / 100)-J98, ))), ) | AD98: =IF(K98<>"", IF(AND($P98=FALSE, $A98=FALSE), -K98, IF(AND($P98=FALSE, $A98=TRUE), 0, IF($P98=TRUE, (K98 / $R98) * 100 * ($S98 / 100)-K98, ))), ) | AE98: =IF(L98<>"", IF(AND($P98=FALSE, $A98=FALSE), -L98, IF(AND($P98=FALSE, $A98=TRUE), 0, IF($P98=TRUE, (L98 / $R98) * 100 * ($S98 / 100)-L98, ))), ) | AF98: =IF(M98<>"", IF(AND($P98=FALSE, $A98=FALSE), -M98, IF(AND($P98=FALSE, $A98=TRUE), 0, IF($P98=TRUE, (M98 / $R98) * 100 * ($S98 / 100)-M98, ))), ) | AG98: =IF(N98<>"", IF(AND($P98=FALSE, $A98=FALSE), -N98, IF(AND($P98=FALSE, $A98=TRUE), 0, IF($P98=TRUE, (N98 / $R98) * 100 * ($S98 / 100)-N98, ))), )
A99: FALSE | P99: FALSE | V99: ✅ | W99: / | X99: 60+ J. Jacobs rush yds | Z99: =IF(G99<>"", IF(AND($P99=FALSE, $A99=FALSE), -G99, IF(AND($P99=FALSE, $A99=TRUE), 0, IF($P99=TRUE, (G99 / $R99) * 100 * ($S99 / 100)-G99, ))), ) | AA99: =IF(I99<>"", IF(AND($P99=FALSE, $A99=FALSE), -I99, IF(AND($P99=FALSE, $A99=TRUE), 0, IF($P99=TRUE, (I99 / $R99) * 100 * ($S99 / 100)-I99, ))), ) | AB99: =IF(H99<>"", IF(AND($P99=FALSE, $A99=FALSE), -H99, IF(AND($P99=FALSE, $A99=TRUE), 0, IF($P99=TRUE, (H99 / $R99) * 100 * ($S99 / 100)-H99, ))), ) | AC99: =IF(J99<>"", IF(AND($P99=FALSE, $A99=FALSE), -J99, IF(AND($P99=FALSE, $A99=TRUE), 0, IF($P99=TRUE, (J99 / $R99) * 100 * ($S99 / 100)-J99, ))), ) | AD99: =IF(K99<>"", IF(AND($P99=FALSE, $A99=FALSE), -K99, IF(AND($P99=FALSE, $A99=TRUE), 0, IF($P99=TRUE, (K99 / $R99) * 100 * ($S99 / 100)-K99, ))), ) | AE99: =IF(L99<>"", IF(AND($P99=FALSE, $A99=FALSE), -L99, IF(AND($P99=FALSE, $A99=TRUE), 0, IF($P99=TRUE, (L99 / $R99) * 100 * ($S99 / 100)-L99, ))), ) | AF99: =IF(M99<>"", IF(AND($P99=FALSE, $A99=FALSE), -M99, IF(AND($P99=FALSE, $A99=TRUE), 0, IF($P99=TRUE, (M99 / $R99) * 100 * ($S99 / 100)-M99, ))), ) | AG99: =IF(N99<>"", IF(AND($P99=FALSE, $A99=FALSE), -N99, IF(AND($P99=FALSE, $A99=TRUE), 0, IF($P99=TRUE, (N99 / $R99) * 100 * ($S99 / 100)-N99, ))), )
A100: FALSE | P100: FALSE | V100: ✅ | W100: / | X100: 60+ S. Berkley rush yds | Z100: =IF(G100<>"", IF(AND($P100=FALSE, $A100=FALSE), -G100, IF(AND($P100=FALSE, $A100=TRUE), 0, IF($P100=TRUE, (G100 / $R100) * 100 * ($S100 / 100)-G100, ))), ) | AA100: =IF(I100<>"", IF(AND($P100=FALSE, $A100=FALSE), -I100, IF(AND($P100=FALSE, $A100=TRUE), 0, IF($P100=TRUE, (I100 / $R100) * 100 * ($S100 / 100)-I100, ))), ) | AB100: =IF(H100<>"", IF(AND($P100=FALSE, $A100=FALSE), -H100, IF(AND($P100=FALSE, $A100=TRUE), 0, IF($P100=TRUE, (H100 / $R100) * 100 * ($S100 / 100)-H100, ))), ) | AC100: =IF(J100<>"", IF(AND($P100=FALSE, $A100=FALSE), -J100, IF(AND($P100=FALSE, $A100=TRUE), 0, IF($P100=TRUE, (J100 / $R100) * 100 * ($S100 / 100)-J100, ))), ) | AD100: =IF(K100<>"", IF(AND($P100=FALSE, $A100=FALSE), -K100, IF(AND($P100=FALSE, $A100=TRUE), 0, IF($P100=TRUE, (K100 / $R100) * 100 * ($S100 / 100)-K100, ))), ) | AE100: =IF(L100<>"", IF(AND($P100=FALSE, $A100=FALSE), -L100, IF(AND($P100=FALSE, $A100=TRUE), 0, IF($P100=TRUE, (L100 / $R100) * 100 * ($S100 / 100)-L100, ))), ) | AF100: =IF(M100<>"", IF(AND($P100=FALSE, $A100=FALSE), -M100, IF(AND($P100=FALSE, $A100=TRUE), 0, IF($P100=TRUE, (M100 / $R100) * 100 * ($S100 / 100)-M100, ))), ) | AG100: =IF(N100<>"", IF(AND($P100=FALSE, $A100=FALSE), -N100, IF(AND($P100=FALSE, $A100=TRUE), 0, IF($P100=TRUE, (N100 / $R100) * 100 * ($S100 / 100)-N100, ))), )
...

Sheet Por data
A1: Data | B1: Valor | C1: Motivo | E1: Data | F1: Valor | G1: Motivo | I1: Data | J1: Valor | K1: Motivo | M1: Data | N1: Valor | O1: Motivo | Q1: Data | R1: Valor | S1: Motivo | U1: Data | V1: Valor | W1: Motivo | Y1: Data | Z1: Valor | AA1: Motivo | AC1: Data | AD1: Valor | AE1: Motivo
A2: 45204 | B2: 212.49 | C2: inicio | E2: 45204 | F2: 36 | G2: inicio | I2: 45204 | J2: 313.39 | K2: inicio | M2: 45204 | N2: 248.58 | O2: inicio | Q2: 45204 | R2: 139.77 | S2: inicio | U2: 45204 | V2: 11.58 | W2: inicio | Y2: 45204 | Z2: 13.68 | AA2: inicio | AC2: 45204 | AD2: 7.78 | AE2: inicio
A3: 45251 | B3: -10 | C3: Saque | I3: 45292 | J3: -10 | K3: Jags x 9ers
A4: 45292 | B4: 10 | C4: Jags x 9ers
J6: =IF(I6<>"", SUMIF(Bets!D:D, I6, Bets!AA:AA), "")
A7: WOLF | B7: Saldo | C7: Bets +/- | E7: FELIPE | F7: Saldo | G7: Bets +/- | I7: CHOI | J7: Saldo | K7: Bets +/- | M7: JO | N7: Saldo | O7: Bets +/- | Q7: TRIGO | R7: Saldo | S7: Bets +/- | U7: HULYAN | V7: Saldo | W7: Bets +/- | Y7: BUENO | Z7: Saldo | AA7: Bets +/- | AC7: NINHO | AD7: Saldo | AE7: Bets +/-
B8: =SUM(B2:B6)+SUM(B11:B1002) -> 26.147186 | C8: =SUMIF(C11:C1002, "", B11:B1002) -> -186.34281 | F8: =SUM(F2:F6)+SUM(F11:F1002) -> -24.786815 | G8: =SUMIF(G11:G1002, "", F11:F1002) -> -60.786815 | J8: =SUM(J2:J6)+SUM(J11:J1002) -> 123.97766 | K8: =SUMIF(K11:K1002, "", J11:J1002) -> -179.41234 | N8: =SUM(N2:N6)+SUM(N11:N1002) -> 214.36947 | O8: =SUMIF(O11:O1002, "", N11:N1002) -> -34.21053 | R8: =SUM(R2:R6)+SUM(R11:R1002) -> 113.27 | S8: =SUMIF(S11:S1002, "", R11:R1002) -> -26.5 | V8: =SUM(V2:V6)+SUM(V11:V1002) -> 0.5825 | W8: =SUMIF(W11:W1002, "", V11:V1002) -> -10.9975 | Z8: =SUM(Z2:Z6)+SUM(Z11:Z1002) -> 13.68 | AA8: =SUMIF(AA11:AA1002, "", Z11:Z1002) -> 0 | AD8: =SUM(AD2:AD6)+SUM(AD11:AD1002) -> 7.78 | AE8: =SUMIF(AE11:AE1002, "", AD11:AD1002) -> 0
A9: . | B9: . | C9: . | D9: . | E9: . | F9: . | G9: . | I9: . | J9: . | K9: . | L9: . | M9: . | N9: . | O9: . | P9: . | Q9: . | R9: . | S9: . | T9: . | U9: . | V9: . | W9: . | X9: . | Y9: . | Z9: . | AA9: . | AB9: . | AC9: . | AD9: . | AE9: .
A10: Data | B10: Valor | E10: Data | F10: Valor | I10: Data | J10: Valor | M10: Data | N10: Valor | Q10: Data | R10: Valor | U10: Data | V10: Valor | Y10: Data | Z10: Valor | AC10: Data | AD10: Valor
A11: =IFERROR(__xludf.DUMMYFUNCTION("SORT(UNIQUE(FILTER(Bets!$D$2:$D1002, Bets!$D$2:$D1002<>"""", Bets!Z2:Z1002<>"""")),1, FALSE)"),46184.0) -> 46184 | B11: =IF(A11<>"", SUMIF(Bets!$D:$D, A11, Bets!Z:Z), "") -> 1.92 | E11: =IFERROR(__xludf.DUMMYFUNCTION("SORT(UNIQUE(FILTER(Bets!$D$2:$D1002, Bets!$D$2:$D1002<>"""", Bets!AB2:AB1002<>"""")),1, FALSE)"),46061.0) -> 46061 | F11: =IF(E11<>"", SUMIF(Bets!$D:$D, E11, Bets!AB:AB), "") -> -3 | I11: =IFERROR(__xludf.DUMMYFUNCTION("SORT(UNIQUE(FILTER(Bets!$D$2:$D1002, Bets!$D$2:$D1002<>"""", Bets!AA2:AA1002<>"""")),1, FALSE)"),46184.0) -> 46184 | J11: =IF(I11<>"", SUMIF(Bets!$D:$D, I11, Bets!AA:AA), "") -> 2.88 | M11: =IFERROR(__xludf.DUMMYFUNCTION("SORT(UNIQUE(FILTER(Bets!$D$2:$D1002, Bets!$D$2:$D1002<>"""", Bets!AC2:AC1002<>"""")),1, FALSE)"),46061.0) -> 46061 | N11: =IF(M11<>"", SUMIF(Bets!$D:$D, M11, Bets!AC:AC), "") -> -5 | Q11: =IFERROR(__xludf.DUMMYFUNCTION("IFERROR(UNIQUE(FILTER(Bets!$D$2:$D1002, Bets!$D$2:$D1002<>"""", Bets!AD2:AD1002<>"""")),)"),45333.0) -> 45333 | R11: =IF(Q11<>"", SUMIF(Bets!$D:$D, Q11, Bets!AD:AD), "") -> -10 | U11: =IFERROR(__xludf.DUMMYFUNCTION("IFERROR(UNIQUE(FILTER(Bets!$D$2:$D1002, Bets!$D$2:$D1002<>"""", Bets!AE2:AE1002<>"""")),)"),45266.0) -> 45266 | V11: =IF(U11<>"", SUMIF(Bets!$D:$D, U11, Bets!AE:AE), "") -> -6 | Y11: =IFERROR(__xludf.DUMMYFUNCTION("IFERROR(UNIQUE(FILTER(Bets!$D$2:$D1002, Bets!$D$2:$D1002<>"""", Bets!AF2:AF1002<>"""")),)"),"") | Z11: =IF(Y11<>"", SUMIF(Bets!$D:$D, Y11, Bets!AF:AF), "") | AC11: =IFERROR(__xludf.DUMMYFUNCTION("IFERROR(UNIQUE(FILTER(Bets!$D$2:$D1002, Bets!$D$2:$D1002<>"""", Bets!AG2:AG1002<>"""")),)"),"") | AD11: =IF(AC11<>"", SUMIF(Bets!$D:$D, AC11, Bets!AG:AG), "")
A12: =IFERROR(__xludf.DUMMYFUNCTION("""COMPUTED_VALUE"""),46061.0) -> 46061 | B12: =IF(A12<>"", SUMIF(Bets!$D:$D, A12, Bets!Z:Z), "") -> -19.5 | E12: =IFERROR(__xludf.DUMMYFUNCTION("""COMPUTED_VALUE"""),45977.0) -> 45977 | F12: =IF(E12<>"", SUMIF(Bets!$D:$D, E12, Bets!AB:AB), "") -> -3 | I12: =IFERROR(__xludf.DUMMYFUNCTION("""COMPUTED_VALUE"""),46061.0) -> 46061 | J12: =IF(I12<>"", SUMIF(Bets!$D:$D, I12, Bets!AA:AA), "") -> -44 | M12: =IFERROR(__xludf.DUMMYFUNCTION("""COMPUTED_VALUE"""),45541.0) -> 45541 | N12: =IF(M12<>"", SUMIF(Bets!$D:$D, M12, Bets!AC:AC), "") -> 4.1533333 | Q12: =IFERROR(__xludf.DUMMYFUNCTION("""COMPUTED_VALUE"""),45904.0) -> 45904 | R12: =IF(Q12<>"", SUMIF(Bets!$D:$D, Q12, Bets!AD:AD), "") -> -2 | U12: =IFERROR(__xludf.DUMMYFUNCTION("""COMPUTED_VALUE"""),45333.0) -> 45333 | V12: =IF(U12<>"", SUMIF(Bets!$D:$D, U12, Bets!AE:AE), "") -> -3.3375 | Z12: =IF(Y12<>"", SUMIF(Bets!$D:$D, Y12, Bets!AF:AF), "") | AD12: =IF(AC12<>"", SUMIF(Bets!$D:$D, AC12, Bets!AG:AG), "")
A13: =IFERROR(__xludf.DUMMYFUNCTION("""COMPUTED_VALUE"""),46025.0) -> 46025 | B13: =IF(A13<>"", SUMIF(Bets!$D:$D, A13, Bets!Z:Z), "") -> -12 | E13: =IFERROR(__xludf.DUMMYFUNCTION("""COMPUTED_VALUE"""),45963.0) -> 45963 | F13: =IF(E13<>"", SUMIF(Bets!$D:$D, E13, Bets!AB:AB), "") -> -8.5 | I13: =IFERROR(__xludf.DUMMYFUNCTION("""COMPUTED_VALUE"""),46025.0) -> 46025 | J13: =IF(I13<>"", SUMIF(Bets!$D:$D, I13, Bets!AA:AA), "") -> -14 | M13: =IFERROR(__xludf.DUMMYFUNCTION("""COMPUTED_VALUE"""),45540.0) -> 45540 | N13: =IF(M13<>"", SUMIF(Bets!$D:$D, M13, Bets!AC:AC), "") -> -2.28 | Q13: =IFERROR(__xludf.DUMMYFUNCTION("""COMPUTED_VALUE"""),45941.0) -> 45941 | R13: =IF(Q13<>"", SUMIF(Bets!$D:$D, Q13, Bets!AD:AD), "") -> -3 | U13: =IFERROR(__xludf.DUMMYFUNCTION("""COMPUTED_VALUE"""),45908.0) -> 45908 | V13: =IF(U13<>"", SUMIF(Bets!$D:$D, U13, Bets!AE:AE), "") -> -1.66 | Z13: =IF(Y13<>"", SUMIF(Bets!$D:$D, Y13, Bets!AF:AF), "") | AD13: =IF(AC13<>"", SUMIF(Bets!$D:$D, AC13, Bets!AG:AG), "")
A14: =IFERROR(__xludf.DUMMYFUNCTION("""COMPUTED_VALUE"""),46019.0) -> 46019 | B14: =IF(A14<>"", SUMIF(Bets!$D:$D, A14, Bets!Z:Z), "") -> 11.938 | E14: =IFERROR(__xludf.DUMMYFUNCTION("""COMPUTED_VALUE"""),45333.0) -> 45333 | F14: =IF(E14<>"", SUMIF(Bets!$D:$D, E14, Bets!AB:AB), "") -> -1 | I14: =IFERROR(__xludf.DUMMYFUNCTION("""COMPUTED_VALUE"""),46019.0) -> 46019 | J14: =IF(I14<>"", SUMIF(Bets!$D:$D, I14, Bets!AA:AA), "") -> 10.772 | M14: =IFERROR(__xludf.DUMMYFUNCTION("""COMPUTED_VALUE"""),45333.0) -> 45333 | N14: =IF(M14<>"", SUMIF(Bets!$D:$D, M14, Bets!AC:AC), "") -> -3.0838636 | Q14: =IFERROR(__xludf.DUMMYFUNCTION("""COMPUTED_VALUE"""),46061.0) -> 46061 | R14: =IF(Q14<>"", SUMIF(Bets!$D:$D, Q14, Bets!AD:AD), "") -> -11.5 | V14: =IF(U14<>"", SUMIF(Bets!$D:$D, U14, Bets!AE:AE), "") | Z14: =IF(Y14<>"", SUMIF(Bets!$D:$D, Y14, Bets!AF:AF), "") | AD14: =IF(AC14<>"", SUMIF(Bets!$D:$D, AC14, Bets!AG:AG), "")
A15: =IFERROR(__xludf.DUMMYFUNCTION("""COMPUTED_VALUE"""),46012.0) -> 46012 | B15: =IF(A15<>"", SUMIF(Bets!$D:$D, A15, Bets!Z:Z), "") -> -0.352 | E15: =IFERROR(__xludf.DUMMYFUNCTION("""COMPUTED_VALUE"""),45322.0) -> 45322 | F15: =IF(E15<>"", SUMIF(Bets!$D:$D, E15, Bets!AB:AB), "") -> -2 | I15: =IFERROR(__xludf.DUMMYFUNCTION("""COMPUTED_VALUE"""),46012.0) -> 46012 | J15: =IF(I15<>"", SUMIF(Bets!$D:$D, I15, Bets!AA:AA), "") -> -1.028 | M15: =IFERROR(__xludf.DUMMYFUNCTION("""COMPUTED_VALUE"""),45269.0) -> 45269 | N15: =IF(M15<>"", SUMIF(Bets!$D:$D, M15, Bets!AC:AC), "") -> -7.5 | R15: =IF(Q15<>"", SUMIF(Bets!$D:$D, Q15, Bets!AD:AD), "") | V15: =IF(U15<>"", SUMIF(Bets!$D:$D, U15, Bets!AE:AE), "") | Z15: =IF(Y15<>"", SUMIF(Bets!$D:$D, Y15, Bets!AF:AF), "") | AD15: =IF(AC15<>"", SUMIF(Bets!$D:$D, AC15, Bets!AG:AG), "")
A16: =IFERROR(__xludf.DUMMYFUNCTION("""COMPUTED_VALUE"""),46009.0) -> 46009 | B16: =IF(A16<>"", SUMIF(Bets!$D:$D, A16, Bets!Z:Z), "") -> 9.93 | E16: =IFERROR(__xludf.DUMMYFUNCTION("""COMPUTED_VALUE"""),45319.0) -> 45319 | F16: =IF(E16<>"", SUMIF(Bets!$D:$D, E16, Bets!AB:AB), "") -> 2.794 | I16: =IFERROR(__xludf.DUMMYFUNCTION("""COMPUTED_VALUE"""),46009.0) -> 46009 | J16: =IF(I16<>"", SUMIF(Bets!$D:$D, I16, Bets!AA:AA), "") -> 19.86 | M16: =IFERROR(__xludf.DUMMYFUNCTION("""COMPUTED_VALUE"""),45264.0) -> 45264 | N16: =IF(M16<>"", SUMIF(Bets!$D:$D, M16, Bets!AC:AC), "") -> -3 | R16: =IF(Q16<>"", SUMIF(Bets!$D:$D, Q16, Bets!AD:AD), "") | V16: =IF(U16<>"", SUMIF(Bets!$D:$D, U16, Bets!AE:AE), "") | Z16: =IF(Y16<>"", SUMIF(Bets!$D:$D, Y16, Bets!AF:AF), "") | AD16: =IF(AC16<>"", SUMIF(Bets!$D:$D, AC16, Bets!AG:AG), "")
A17: =IFERROR(__xludf.DUMMYFUNCTION("""COMPUTED_VALUE"""),45984.0) -> 45984 | B17: =IF(A17<>"", SUMIF(Bets!$D:$D, A17, Bets!Z:Z), "") -> -9.0977143 | E17: =IFERROR(__xludf.DUMMYFUNCTION("""COMPUTED_VALUE"""),45317.0) -> 45317 | F17: =IF(E17<>"", SUMIF(Bets!$D:$D, E17, Bets!AB:AB), "") -> -1 | I17: =IFERROR(__xludf.DUMMYFUNCTION("""COMPUTED_VALUE"""),45984.0) -> 45984 | J17: =IF(I17<>"", SUMIF(Bets!$D:$D, I17, Bets!AA:AA), "") -> 1.6077143 | M17: =IFERROR(__xludf.DUMMYFUNCTION("""COMPUTED_VALUE"""),45263.0) -> 45263 | N17: =IF(M17<>"", SUMIF(Bets!$D:$D, M17, Bets!AC:AC), "") -> -2.5 | R17: =IF(Q17<>"", SUMIF(Bets!$D:$D, Q17, Bets!AD:AD), "") | V17: =IF(U17<>"", SUMIF(Bets!$D:$D, U17, Bets!AE:AE), "") | Z17: =IF(Y17<>"", SUMIF(Bets!$D:$D, Y17, Bets!AF:AF), "") | AD17: =IF(AC17<>"", SUMIF(Bets!$D:$D, AC17, Bets!AG:AG), "")
A18: =IFERROR(__xludf.DUMMYFUNCTION("""COMPUTED_VALUE"""),45981.0) -> 45981 | B18: =IF(A18<>"", SUMIF(Bets!$D:$D, A18, Bets!Z:Z), "") -> -3 | E18: =IFERROR(__xludf.DUMMYFUNCTION("""COMPUTED_VALUE"""),45316.0) -> 45316 | F18: =IF(E18<>"", SUMIF(Bets!$D:$D, E18, Bets!AB:AB), "") -> -3 | I18: =IFERROR(__xludf.DUMMYFUNCTION("""COMPUTED_VALUE"""),45981.0) -> 45981 | J18: =IF(I18<>"", SUMIF(Bets!$D:$D, I18, Bets!AA:AA), "") -> -3 | M18: =IFERROR(__xludf.DUMMYFUNCTION("""COMPUTED_VALUE"""),45250.0) -> 45250 | N18: =IF(M18<>"", SUMIF(Bets!$D:$D, M18, Bets!AC:AC), "") -> -5 | R18: =IF(Q18<>"", SUMIF(Bets!$D:$D, Q18, Bets!AD:AD), "") | V18: =IF(U18<>"", SUMIF(Bets!$D:$D, U18, Bets!AE:AE), "") | Z18: =IF(Y18<>"", SUMIF(Bets!$D:$D, Y18, Bets!AF:AF), "") | AD18: =IF(AC18<>"", SUMIF(Bets!$D:$D, AC18, Bets!AG:AG), "")
A19: =IFERROR(__xludf.DUMMYFUNCTION("""COMPUTED_VALUE"""),45977.0) -> 45977 | B19: =IF(A19<>"", SUMIF(Bets!$D:$D, A19, Bets!Z:Z), "") -> -4.744 | E19: =IFERROR(__xludf.DUMMYFUNCTION("""COMPUTED_VALUE"""),45314.0) -> 45314 | F19: =IF(E19<>"", SUMIF(Bets!$D:$D, E19, Bets!AB:AB), "") -> 1.4433333 | I19: =IFERROR(__xludf.DUMMYFUNCTION("""COMPUTED_VALUE"""),45977.0) -> 45977 | J19: =IF(I19<>"", SUMIF(Bets!$D:$D, I19, Bets!AA:AA), "") -> -3.616 | M19: =IFERROR(__xludf.DUMMYFUNCTION("""COMPUTED_VALUE"""),45242.0) -> 45242 | N19: =IF(M19<>"", SUMIF(Bets!$D:$D, M19, Bets!AC:AC), "") -> -10 | R19: =IF(Q19<>"", SUMIF(Bets!$D:$D, Q19, Bets!AD:AD), "") | V19: =IF(U19<>"", SUMIF(Bets!$D:$D, U19, Bets!AE:AE), "") | Z19: =IF(Y19<>"", SUMIF(Bets!$D:$D, Y19, Bets!AF:AF), "") | AD19: =IF(AC19<>"", SUMIF(Bets!$D:$D, AC19, Bets!AG:AG), "")
A20: =IFERROR(__xludf.DUMMYFUNCTION("""COMPUTED_VALUE"""),45974.0) -> 45974 | B20: =IF(A20<>"", SUMIF(Bets!$D:$D, A20, Bets!Z:Z), "") -> 2.816 | E20: =IFERROR(__xludf.DUMMYFUNCTION("""COMPUTED_VALUE"""),45313.0) -> 45313 | F20: =IF(E20<>"", SUMIF(Bets!$D:$D, E20, Bets!AB:AB), "") -> 2.458 | I20: =IFERROR(__xludf.DUMMYFUNCTION("""COMPUTED_VALUE"""),45974.0) -> 45974 | J20: =IF(I20<>"", SUMIF(Bets!$D:$D, I20, Bets!AA:AA), "") -> 4.224 | N20: =IF(M20<>"", SUMIF(Bets!$D:$D, M20, Bets!AC:AC), "") | R20: =IF(Q20<>"", SUMIF(Bets!$D:$D, Q20, Bets!AD:AD), "") | V20: =IF(U20<>"", SUMIF(Bets!$D:$D, U20, Bets!AE:AE), "") | Z20: =IF(Y20<>"", SUMIF(Bets!$D:$D, Y20, Bets!AF:AF), "") | AD20: =IF(AC20<>"", SUMIF(Bets!$D:$D, AC20, Bets!AG:AG), "")
A21: =IFERROR(__xludf.DUMMYFUNCTION("""COMPUTED_VALUE"""),45971.0) -> 45971 | B21: =IF(A21<>"", SUMIF(Bets!$D:$D, A21, Bets!Z:Z), "") -> -4 | E21: =IFERROR(__xludf.DUMMYFUNCTION("""COMPUTED_VALUE"""),45312.0) -> 45312 | F21: =IF(E21<>"", SUMIF(Bets!$D:$D, E21, Bets!AB:AB), "") -> 2.4433333 | I21: =IFERROR(__xludf.DUMMYFUNCTION("""COMPUTED_VALUE"""),45971.0) -> 45971 | J21: =IF(I21<>"", SUMIF(Bets!$D:$D, I21, Bets!AA:AA), "") -> -4 | N21: =IF(M21<>"", SUMIF(Bets!$D:$D, M21, Bets!AC:AC), "") | R21: =IF(Q21<>"", SUMIF(Bets!$D:$D, Q21, Bets!AD:AD), "") | V21: =IF(U21<>"", SUMIF(Bets!$D:$D, U21, Bets!AE:AE), "") | Z21: =IF(Y21<>"", SUMIF(Bets!$D:$D, Y21, Bets!AF:AF), "") | AD21: =IF(AC21<>"", SUMIF(Bets!$D:$D, AC21, Bets!AG:AG), "")
A22: =IFERROR(__xludf.DUMMYFUNCTION("""COMPUTED_VALUE"""),45970.0) -> 45970 | B22: =IF(A22<>"", SUMIF(Bets!$D:$D, A22, Bets!Z:Z), "") -> -0.648 | E22: =IFERROR(__xludf.DUMMYFUNCTION("""COMPUTED_VALUE"""),45311.0) -> 45311 | F22: =IF(E22<>"", SUMIF(Bets!$D:$D, E22, Bets!AB:AB), "") -> -4.6433333 | I22: =IFERROR(__xludf.DUMMYFUNCTION("""COMPUTED_VALUE"""),45970.0) -> 45970 | J22: =IF(I22<>"", SUMIF(Bets!$D:$D, I22, Bets!AA:AA), "") -> -0.972 | N22: =IF(M22<>"", SUMIF(Bets!$D:$D, M22, Bets!AC:AC), "") | R22: =IF(Q22<>"", SUMIF(Bets!$D:$D, Q22, Bets!AD:AD), "") | V22: =IF(U22<>"", SUMIF(Bets!$D:$D, U22, Bets!AE:AE), "") | Z22: =IF(Y22<>"", SUMIF(Bets!$D:$D, Y22, Bets!AF:AF), "") | AD22: =IF(AC22<>"", SUMIF(Bets!$D:$D, AC22, Bets!AG:AG), "")
A23: =IFERROR(__xludf.DUMMYFUNCTION("""COMPUTED_VALUE"""),45967.0) -> 45967 | B23: =IF(A23<>"", SUMIF(Bets!$D:$D, A23, Bets!Z:Z), "") -> -6 | E23: =IFERROR(__xludf.DUMMYFUNCTION("""COMPUTED_VALUE"""),45308.0) -> 45308 | F23: =IF(E23<>"", SUMIF(Bets!$D:$D, E23, Bets!AB:AB), "") -> 1.835 | I23: =IFERROR(__xludf.DUMMYFUNCTION("""COMPUTED_VALUE"""),45967.0) -> 45967 | J23: =IF(I23<>"", SUMIF(Bets!$D:$D, I23, Bets!AA:AA), "") -> -6 | R23: =IF(Q23<>"", SUMIF(Bets!$D:$D, Q23, Bets!AD:AD), "") | V23: =IF(U23<>"", SUMIF(Bets!$D:$D, U23, Bets!AE:AE), "") | Z23: =IF(Y23<>"", SUMIF(Bets!$D:$D, Y23, Bets!AF:AF), "") | AD23: =IF(AC23<>"", SUMIF(Bets!$D:$D, AC23, Bets!AG:AG), "")
A24: =IFERROR(__xludf.DUMMYFUNCTION("""COMPUTED_VALUE"""),45964.0) -> 45964 | B24: =IF(A24<>"", SUMIF(Bets!$D:$D, A24, Bets!Z:Z), "") -> 0.984 | E24: =IFERROR(__xludf.DUMMYFUNCTION("""COMPUTED_VALUE"""),45307.0) -> 45307 | F24: =IF(E24<>"", SUMIF(Bets!$D:$D, E24, Bets!AB:AB), "") -> 0.454 | I24: =IFERROR(__xludf.DUMMYFUNCTION("""COMPUTED_VALUE"""),45964.0) -> 45964 | J24: =IF(I24<>"", SUMIF(Bets!$D:$D, I24, Bets!AA:AA), "") -> 0.976 | R24: =IF(Q24<>"", SUMIF(Bets!$D:$D, Q24, Bets!AD:AD), "") | V24: =IF(U24<>"", SUMIF(Bets!$D:$D, U24, Bets!AE:AE), "") | Z24: =IF(Y24<>"", SUMIF(Bets!$D:$D, Y24, Bets!AF:AF), "") | AD24: =IF(AC24<>"", SUMIF(Bets!$D:$D, AC24, Bets!AG:AG), "")
A25: =IFERROR(__xludf.DUMMYFUNCTION("""COMPUTED_VALUE"""),45963.0) -> 45963 | B25: =IF(A25<>"", SUMIF(Bets!$D:$D, A25, Bets!Z:Z), "") -> -10 | E25: =IFERROR(__xludf.DUMMYFUNCTION("""COMPUTED_VALUE"""),45306.0) -> 45306 | F25: =IF(E25<>"", SUMIF(Bets!$D:$D, E25, Bets!AB:AB), "") -> -3.01 | I25: =IFERROR(__xludf.DUMMYFUNCTION("""COMPUTED_VALUE"""),45963.0) -> 45963 | J25: =IF(I25<>"", SUMIF(Bets!$D:$D, I25, Bets!AA:AA), "") -> -9.5 | R25: =IF(Q25<>"", SUMIF(Bets!$D:$D, Q25, Bets!AD:AD), "") | V25: =IF(U25<>"", SUMIF(Bets!$D:$D, U25, Bets!AE:AE), "") | Z25: =IF(Y25<>"", SUMIF(Bets!$D:$D, Y25, Bets!AF:AF), "") | AD25: =IF(AC25<>"", SUMIF(Bets!$D:$D, AC25, Bets!AG:AG), "")
A26: =IFERROR(__xludf.DUMMYFUNCTION("""COMPUTED_VALUE"""),45960.0) -> 45960 | B26: =IF(A26<>"", SUMIF(Bets!$D:$D, A26, Bets!Z:Z), "") -> -1 | E26: =IFERROR(__xludf.DUMMYFUNCTION("""COMPUTED_VALUE"""),45305.0) -> 45305 | F26: =IF(E26<>"", SUMIF(Bets!$D:$D, E26, Bets!AB:AB), "") -> -2.4529412 | I26: =IFERROR(__xludf.DUMMYFUNCTION("""COMPUTED_VALUE"""),45960.0) -> 45960 | J26: =IF(I26<>"", SUMIF(Bets!$D:$D, I26, Bets!AA:AA), "") -> 1 | R26: =IF(Q26<>"", SUMIF(Bets!$D:$D, Q26, Bets!AD:AD), "") | V26: =IF(U26<>"", SUMIF(Bets!$D:$D, U26, Bets!AE:AE), "") | Z26: =IF(Y26<>"", SUMIF(Bets!$D:$D, Y26, Bets!AF:AF), "") | AD26: =IF(AC26<>"", SUMIF(Bets!$D:$D, AC26, Bets!AG:AG), "")
A27: =IFERROR(__xludf.DUMMYFUNCTION("""COMPUTED_VALUE"""),45953.0) -> 45953 | B27: =IF(A27<>"", SUMIF(Bets!$D:$D, A27, Bets!Z:Z), "") -> -8 | E27: =IFERROR(__xludf.DUMMYFUNCTION("""COMPUTED_VALUE"""),45304.0) -> 45304 | F27: =IF(E27<>"", SUMIF(Bets!$D:$D, E27, Bets!AB:AB), "") -> -1.9946154 | I27: =IFERROR(__xludf.DUMMYFUNCTION("""COMPUTED_VALUE"""),45953.0) -> 45953 | J27: =IF(I27<>"", SUMIF(Bets!$D:$D, I27, Bets!AA:AA), "") -> -12 | R27: =IF(Q27<>"", SUMIF(Bets!$D:$D, Q27, Bets!AD:AD), "") | V27: =IF(U27<>"", SUMIF(Bets!$D:$D, U27, Bets!AE:AE), "") | Z27: =IF(Y27<>"", SUMIF(Bets!$D:$D, Y27, Bets!AF:AF), "") | AD27: =IF(AC27<>"", SUMIF(Bets!$D:$D, AC27, Bets!AG:AG), "")
A28: =IFERROR(__xludf.DUMMYFUNCTION("""COMPUTED_VALUE"""),45946.0) -> 45946 | B28: =IF(A28<>"", SUMIF(Bets!$D:$D, A28, Bets!Z:Z), "") -> 6.89 | E28: =IFERROR(__xludf.DUMMYFUNCTION("""COMPUTED_VALUE"""),45299.0) -> 45299 | F28: =IF(E28<>"", SUMIF(Bets!$D:$D, E28, Bets!AB:AB), "") -> 0.3 | I28: =IFERROR(__xludf.DUMMYFUNCTION("""COMPUTED_VALUE"""),45946.0) -> 45946 | J28: =IF(I28<>"", SUMIF(Bets!$D:$D, I28, Bets!AA:AA), "") -> 8.31 | R28: =IF(Q28<>"", SUMIF(Bets!$D:$D, Q28, Bets!AD:AD), "") | V28: =IF(U28<>"", SUMIF(Bets!$D:$D, U28, Bets!AE:AE), "") | Z28: =IF(Y28<>"", SUMIF(Bets!$D:$D, Y28, Bets!AF:AF), "") | AD28: =IF(AC28<>"", SUMIF(Bets!$D:$D, AC28, Bets!AG:AG), "")
A29: =IFERROR(__xludf.DUMMYFUNCTION("""COMPUTED_VALUE"""),45941.0) -> 45941 | B29: =IF(A29<>"", SUMIF(Bets!$D:$D, A29, Bets!Z:Z), "") -> -12.244 | E29: =IFERROR(__xludf.DUMMYFUNCTION("""COMPUTED_VALUE"""),45297.0) -> 45297 | F29: =IF(E29<>"", SUMIF(Bets!$D:$D, E29, Bets!AB:AB), "") -> 0.60486111 | I29: =IFERROR(__xludf.DUMMYFUNCTION("""COMPUTED_VALUE"""),45941.0) -> 45941 | J29: =IF(I29<>"", SUMIF(Bets!$D:$D, I29, Bets!AA:AA), "") -> -14.366 | R29: =IF(Q29<>"", SUMIF(Bets!$D:$D, Q29, Bets!AD:AD), "") | V29: =IF(U29<>"", SUMIF(Bets!$D:$D, U29, Bets!AE:AE), "") | Z29: =IF(Y29<>"", SUMIF(Bets!$D:$D, Y29, Bets!AF:AF), "") | AD29: =IF(AC29<>"", SUMIF(Bets!$D:$D, AC29, Bets!AG:AG), "")
A30: =IFERROR(__xludf.DUMMYFUNCTION("""COMPUTED_VALUE"""),45939.0) -> 45939 | B30: =IF(A30<>"", SUMIF(Bets!$D:$D, A30, Bets!Z:Z), "") -> -8 | E30: =IFERROR(__xludf.DUMMYFUNCTION("""COMPUTED_VALUE"""),45296.0) -> 45296 | F30: =IF(E30<>"", SUMIF(Bets!$D:$D, E30, Bets!AB:AB), "") -> -4.0253333 | I30: =IFERROR(__xludf.DUMMYFUNCTION("""COMPUTED_VALUE"""),45939.0) -> 45939 | J30: =IF(I30<>"", SUMIF(Bets!$D:$D, I30, Bets!AA:AA), "") -> -12 | R30: =IF(Q30<>"", SUMIF(Bets!$D:$D, Q30, Bets!AD:AD), "") | V30: =IF(U30<>"", SUMIF(Bets!$D:$D, U30, Bets!AE:AE), "") | Z30: =IF(Y30<>"", SUMIF(Bets!$D:$D, Y30, Bets!AF:AF), "") | AD30: =IF(AC30<>"", SUMIF(Bets!$D:$D, AC30, Bets!AG:AG), "")
A31: =IFERROR(__xludf.DUMMYFUNCTION("""COMPUTED_VALUE"""),45936.0) -> 45936 | B31: =IF(A31<>"", SUMIF(Bets!$D:$D, A31, Bets!Z:Z), "") -> -8.04 | E31: =IFERROR(__xludf.DUMMYFUNCTION("""COMPUTED_VALUE"""),45295.0) -> 45295 | F31: =IF(E31<>"", SUMIF(Bets!$D:$D, E31, Bets!AB:AB), "") -> -0.626 | I31: =IFERROR(__xludf.DUMMYFUNCTION("""COMPUTED_VALUE"""),45936.0) -> 45936 | J31: =IF(I31<>"", SUMIF(Bets!$D:$D, I31, Bets!AA:AA), "") -> -12.08 | R31: =IF(Q31<>"", SUMIF(Bets!$D:$D, Q31, Bets!AD:AD), "") | V31: =IF(U31<>"", SUMIF(Bets!$D:$D, U31, Bets!AE:AE), "") | Z31: =IF(Y31<>"", SUMIF(Bets!$D:$D, Y31, Bets!AF:AF), "") | AD31: =IF(AC31<>"", SUMIF(Bets!$D:$D, AC31, Bets!AG:AG), "")
A32: =IFERROR(__xludf.DUMMYFUNCTION("""COMPUTED_VALUE"""),45935.0) -> 45935 | B32: =IF(A32<>"", SUMIF(Bets!$D:$D, A32, Bets!Z:Z), "") -> 1.482 | E32: =IFERROR(__xludf.DUMMYFUNCTION("""COMPUTED_VALUE"""),45294.0) -> 45294 | F32: =IF(E32<>"", SUMIF(Bets!$D:$D, E32, Bets!AB:AB), "") -> -0.446 | I32: =IFERROR(__xludf.DUMMYFUNCTION("""COMPUTED_VALUE"""),45935.0) -> 45935 | J32: =IF(I32<>"", SUMIF(Bets!$D:$D, I32, Bets!AA:AA), "") -> 2.768 | R32: =IF(Q32<>"", SUMIF(Bets!$D:$D, Q32, Bets!AD:AD), "") | V32: =IF(U32<>"", SUMIF(Bets!$D:$D, U32, Bets!AE:AE), "") | Z32: =IF(Y32<>"", SUMIF(Bets!$D:$D, Y32, Bets!AF:AF), "") | AD32: =IF(AC32<>"", SUMIF(Bets!$D:$D, AC32, Bets!AG:AG), "")
A33: =IFERROR(__xludf.DUMMYFUNCTION("""COMPUTED_VALUE"""),45932.0) -> 45932 | B33: =IF(A33<>"", SUMIF(Bets!$D:$D, A33, Bets!Z:Z), "") -> 1.05 | E33: =IFERROR(__xludf.DUMMYFUNCTION("""COMPUTED_VALUE"""),45291.0) -> 45291 | F33: =IF(E33<>"", SUMIF(Bets!$D:$D, E33, Bets!AB:AB), "") -> -1.5 | I33: =IFERROR(__xludf.DUMMYFUNCTION("""COMPUTED_VALUE"""),45932.0) -> 45932 | J33: =IF(I33<>"", SUMIF(Bets!$D:$D, I33, Bets!AA:AA), "") -> 6.75 | R33: =IF(Q33<>"", SUMIF(Bets!$D:$D, Q33, Bets!AD:AD), "") | V33: =IF(U33<>"", SUMIF(Bets!$D:$D, U33, Bets!AE:AE), "") | Z33: =IF(Y33<>"", SUMIF(Bets!$D:$D, Y33, Bets!AF:AF), "") | AD33: =IF(AC33<>"", SUMIF(Bets!$D:$D, AC33, Bets!AG:AG), "")
A34: =IFERROR(__xludf.DUMMYFUNCTION("""COMPUTED_VALUE"""),45929.0) -> 45929 | B34: =IF(A34<>"", SUMIF(Bets!$D:$D, A34, Bets!Z:Z), "") -> -2.82 | E34: =IFERROR(__xludf.DUMMYFUNCTION("""COMPUTED_VALUE"""),45288.0) -> 45288 | F34: =IF(E34<>"", SUMIF(Bets!$D:$D, E34, Bets!AB:AB), "") -> -4.75 | I34: =IFERROR(__xludf.DUMMYFUNCTION("""COMPUTED_VALUE"""),45929.0) -> 45929 | J34: =IF(I34<>"", SUMIF(Bets!$D:$D, I34, Bets!AA:AA), "") -> -7.73 | R34: =IF(Q34<>"", SUMIF(Bets!$D:$D, Q34, Bets!AD:AD), "") | V34: =IF(U34<>"", SUMIF(Bets!$D:$D, U34, Bets!AE:AE), "") | Z34: =IF(Y34<>"", SUMIF(Bets!$D:$D, Y34, Bets!AF:AF), "") | AD34: =IF(AC34<>"", SUMIF(Bets!$D:$D, AC34, Bets!AG:AG), "")
A35: =IFERROR(__xludf.DUMMYFUNCTION("""COMPUTED_VALUE"""),45928.0) -> 45928 | B35: =IF(A35<>"", SUMIF(Bets!$D:$D, A35, Bets!Z:Z), "") -> 9.655 | E35: =IFERROR(__xludf.DUMMYFUNCTION("""COMPUTED_VALUE"""),45287.0) -> 45287 | F35: =IF(E35<>"", SUMIF(Bets!$D:$D, E35, Bets!AB:AB), "") -> -1.965 | I35: =IFERROR(__xludf.DUMMYFUNCTION("""COMPUTED_VALUE"""),45928.0) -> 45928 | J35: =IF(I35<>"", SUMIF(Bets!$D:$D, I35, Bets!AA:AA), "") -> 13.255 | R35: =IF(Q35<>"", SUMIF(Bets!$D:$D, Q35, Bets!AD:AD), "") | V35: =IF(U35<>"", SUMIF(Bets!$D:$D, U35, Bets!AE:AE), "") | Z35: =IF(Y35<>"", SUMIF(Bets!$D:$D, Y35, Bets!AF:AF), "") | AD35: =IF(AC35<>"", SUMIF(Bets!$D:$D, AC35, Bets!AG:AG), "")
A36: =IFERROR(__xludf.DUMMYFUNCTION("""COMPUTED_VALUE"""),45925.0) -> 45925 | B36: =IF(A36<>"", SUMIF(Bets!$D:$D, A36, Bets!Z:Z), "") -> 10.395 | E36: =IFERROR(__xludf.DUMMYFUNCTION("""COMPUTED_VALUE"""),45285.0) -> 45285 | F36: =IF(E36<>"", SUMIF(Bets!$D:$D, E36, Bets!AB:AB), "") -> 0.4675 | I36: =IFERROR(__xludf.DUMMYFUNCTION("""COMPUTED_VALUE"""),45925.0) -> 45925 | J36: =IF(I36<>"", SUMIF(Bets!$D:$D, I36, Bets!AA:AA), "") -> 12.955 | R36: =IF(Q36<>"", SUMIF(Bets!$D:$D, Q36, Bets!AD:AD), "") | V36: =IF(U36<>"", SUMIF(Bets!$D:$D, U36, Bets!AE:AE), "") | Z36: =IF(Y36<>"", SUMIF(Bets!$D:$D, Y36, Bets!AF:AF), "") | AD36: =IF(AC36<>"", SUMIF(Bets!$D:$D, AC36, Bets!AG:AG), "")
A37: =IFERROR(__xludf.DUMMYFUNCTION("""COMPUTED_VALUE"""),45921.0) -> 45921 | B37: =IF(A37<>"", SUMIF(Bets!$D:$D, A37, Bets!Z:Z), "") -> -11 | E37: =IFERROR(__xludf.DUMMYFUNCTION("""COMPUTED_VALUE"""),45284.0) -> 45284 | F37: =IF(E37<>"", SUMIF(Bets!$D:$D, E37, Bets!AB:AB), "") -> -0.5 | I37: =IFERROR(__xludf.DUMMYFUNCTION("""COMPUTED_VALUE"""),45921.0) -> 45921 | J37: =IF(I37<>"", SUMIF(Bets!$D:$D, I37, Bets!AA:AA), "") -> -20 | R37: =IF(Q37<>"", SUMIF(Bets!$D:$D, Q37, Bets!AD:AD), "") | V37: =IF(U37<>"", SUMIF(Bets!$D:$D, U37, Bets!AE:AE), "") | Z37: =IF(Y37<>"", SUMIF(Bets!$D:$D, Y37, Bets!AF:AF), "") | AD37: =IF(AC37<>"", SUMIF(Bets!$D:$D, AC37, Bets!AG:AG), "")
A38: =IFERROR(__xludf.DUMMYFUNCTION("""COMPUTED_VALUE"""),45918.0) -> 45918 | B38: =IF(A38<>"", SUMIF(Bets!$D:$D, A38, Bets!Z:Z), "") -> 8.5603333 | E38: =IFERROR(__xludf.DUMMYFUNCTION("""COMPUTED_VALUE"""),45282.0) -> 45282 | F38: =IF(E38<>"", SUMIF(Bets!$D:$D, E38, Bets!AB:AB), "") -> 2.424 | I38: =IFERROR(__xludf.DUMMYFUNCTION("""COMPUTED_VALUE"""),45918.0) -> 45918 | J38: =IF(I38<>"", SUMIF(Bets!$D:$D, I38, Bets!AA:AA), "") -> 16.269667 | R38: =IF(Q38<>"", SUMIF(Bets!$D:$D, Q38, Bets!AD:AD), "") | V38: =IF(U38<>"", SUMIF(Bets!$D:$D, U38, Bets!AE:AE), "") | Z38: =IF(Y38<>"", SUMIF(Bets!$D:$D, Y38, Bets!AF:AF), "") | AD38: =IF(AC38<>"", SUMIF(Bets!$D:$D, AC38, Bets!AG:AG), "")
A39: =IFERROR(__xludf.DUMMYFUNCTION("""COMPUTED_VALUE"""),45915.0) -> 45915 | B39: =IF(A39<>"", SUMIF(Bets!$D:$D, A39, Bets!Z:Z), "") -> 5.61 | E39: =IFERROR(__xludf.DUMMYFUNCTION("""COMPUTED_VALUE"""),45281.0) -> 45281 | F39: =IF(E39<>"", SUMIF(Bets!$D:$D, E39, Bets!AB:AB), "") -> -2.0425 | I39: =IFERROR(__xludf.DUMMYFUNCTION("""COMPUTED_VALUE"""),45915.0) -> 45915 | J39: =IF(I39<>"", SUMIF(Bets!$D:$D, I39, Bets!AA:AA), "") -> 6.03 | R39: =IF(Q39<>"", SUMIF(Bets!$D:$D, Q39, Bets!AD:AD), "") | V39: =IF(U39<>"", SUMIF(Bets!$D:$D, U39, Bets!AE:AE), "") | Z39: =IF(Y39<>"", SUMIF(Bets!$D:$D, Y39, Bets!AF:AF), "") | AD39: =IF(AC39<>"", SUMIF(Bets!$D:$D, AC39, Bets!AG:AG), "")
A40: =IFERROR(__xludf.DUMMYFUNCTION("""COMPUTED_VALUE"""),45914.0) -> 45914 | B40: =IF(A40<>"", SUMIF(Bets!$D:$D, A40, Bets!Z:Z), "") -> 2.558 | E40: =IFERROR(__xludf.DUMMYFUNCTION("""COMPUTED_VALUE"""),45280.0) -> 45280 | F40: =IF(E40<>"", SUMIF(Bets!$D:$D, E40, Bets!AB:AB), "") -> -1.882 | I40: =IFERROR(__xludf.DUMMYFUNCTION("""COMPUTED_VALUE"""),45914.0) -> 45914 | J40: =IF(I40<>"", SUMIF(Bets!$D:$D, I40, Bets!AA:AA), "") -> -0.658 | R40: =IF(Q40<>"", SUMIF(Bets!$D:$D, Q40, Bets!AD:AD), "") | V40: =IF(U40<>"", SUMIF(Bets!$D:$D, U40, Bets!AE:AE), "") | Z40: =IF(Y40<>"", SUMIF(Bets!$D:$D, Y40, Bets!AF:AF), "") | AD40: =IF(AC40<>"", SUMIF(Bets!$D:$D, AC40, Bets!AG:AG), "")
A41: =IFERROR(__xludf.DUMMYFUNCTION("""COMPUTED_VALUE"""),45911.0) -> 45911 | B41: =IF(A41<>"", SUMIF(Bets!$D:$D, A41, Bets!Z:Z), "") -> -6 | E41: =IFERROR(__xludf.DUMMYFUNCTION("""COMPUTED_VALUE"""),45279.0) -> 45279 | F41: =IF(E41<>"", SUMIF(Bets!$D:$D, E41, Bets!AB:AB), "") -> 10.288 | I41: =IFERROR(__xludf.DUMMYFUNCTION("""COMPUTED_VALUE"""),45911.0) -> 45911 | J41: =IF(I41<>"", SUMIF(Bets!$D:$D, I41, Bets!AA:AA), "") -> -9.5 | R41: =IF(Q41<>"", SUMIF(Bets!$D:$D, Q41, Bets!AD:AD), "") | V41: =IF(U41<>"", SUMIF(Bets!$D:$D, U41, Bets!AE:AE), "") | Z41: =IF(Y41<>"", SUMIF(Bets!$D:$D, Y41, Bets!AF:AF), "") | AD41: =IF(AC41<>"", SUMIF(Bets!$D:$D, AC41, Bets!AG:AG), "")
A42: =IFERROR(__xludf.DUMMYFUNCTION("""COMPUTED_VALUE"""),45908.0) -> 45908 | B42: =IF(A42<>"", SUMIF(Bets!$D:$D, A42, Bets!Z:Z), "") -> -2.67 | E42: =IFERROR(__xludf.DUMMYFUNCTION("""COMPUTED_VALUE"""),45278.0) -> 45278 | F42: =IF(E42<>"", SUMIF(Bets!$D:$D, E42, Bets!AB:AB), "") -> -0.566 | I42: =IFERROR(__xludf.DUMMYFUNCTION("""COMPUTED_VALUE"""),45908.0) -> 45908 | J42: =IF(I42<>"", SUMIF(Bets!$D:$D, I42, Bets!AA:AA), "") -> -1.67 | R42: =IF(Q42<>"", SUMIF(Bets!$D:$D, Q42, Bets!AD:AD), "") | V42: =IF(U42<>"", SUMIF(Bets!$D:$D, U42, Bets!AE:AE), "") | Z42: =IF(Y42<>"", SUMIF(Bets!$D:$D, Y42, Bets!AF:AF), "") | AD42: =IF(AC42<>"", SUMIF(Bets!$D:$D, AC42, Bets!AG:AG), "")
A43: =IFERROR(__xludf.DUMMYFUNCTION("""COMPUTED_VALUE"""),45907.0) -> 45907 | B43: =IF(A43<>"", SUMIF(Bets!$D:$D, A43, Bets!Z:Z), "") -> 3.4162857 | E43: =IFERROR(__xludf.DUMMYFUNCTION("""COMPUTED_VALUE"""),45277.0) -> 45277 | F43: =IF(E43<>"", SUMIF(Bets!$D:$D, E43, Bets!AB:AB), "") -> -12.678 | I43: =IFERROR(__xludf.DUMMYFUNCTION("""COMPUTED_VALUE"""),45907.0) -> 45907 | J43: =IF(I43<>"", SUMIF(Bets!$D:$D, I43, Bets!AA:AA), "") -> 10.863714 | R43: =IF(Q43<>"", SUMIF(Bets!$D:$D, Q43, Bets!AD:AD), "") | V43: =IF(U43<>"", SUMIF(Bets!$D:$D, U43, Bets!AE:AE), "") | Z43: =IF(Y43<>"", SUMIF(Bets!$D:$D, Y43, Bets!AF:AF), "") | AD43: =IF(AC43<>"", SUMIF(Bets!$D:$D, AC43, Bets!AG:AG), "")
A44: =IFERROR(__xludf.DUMMYFUNCTION("""COMPUTED_VALUE"""),45904.0) -> 45904 | B44: =IF(A44<>"", SUMIF(Bets!$D:$D, A44, Bets!Z:Z), "") -> -7 | E44: =IFERROR(__xludf.DUMMYFUNCTION("""COMPUTED_VALUE"""),45276.0) -> 45276 | F44: =IF(E44<>"", SUMIF(Bets!$D:$D, E44, Bets!AB:AB), "") -> 4.4152681 | I44: =IFERROR(__xludf.DUMMYFUNCTION("""COMPUTED_VALUE"""),45904.0) -> 45904 | J44: =IF(I44<>"", SUMIF(Bets!$D:$D, I44, Bets!AA:AA), "") -> -5 | R44: =IF(Q44<>"", SUMIF(Bets!$D:$D, Q44, Bets!AD:AD), "") | V44: =IF(U44<>"", SUMIF(Bets!$D:$D, U44, Bets!AE:AE), "") | Z44: =IF(Y44<>"", SUMIF(Bets!$D:$D, Y44, Bets!AF:AF), "") | AD44: =IF(AC44<>"", SUMIF(Bets!$D:$D, AC44, Bets!AG:AG), "")
A45: =IFERROR(__xludf.DUMMYFUNCTION("""COMPUTED_VALUE"""),45828.0) -> 45828 | B45: =IF(A45<>"", SUMIF(Bets!$D:$D, A45, Bets!Z:Z), "") -> -2 | E45: =IFERROR(__xludf.DUMMYFUNCTION("""COMPUTED_VALUE"""),45275.0) -> 45275 | F45: =IF(E45<>"", SUMIF(Bets!$D:$D, E45, Bets!AB:AB), "") -> 1.086 | I45: =IFERROR(__xludf.DUMMYFUNCTION("""COMPUTED_VALUE"""),45828.0) -> 45828 | J45: =IF(I45<>"", SUMIF(Bets!$D:$D, I45, Bets!AA:AA), "") -> -2 | R45: =IF(Q45<>"", SUMIF(Bets!$D:$D, Q45, Bets!AD:AD), "") | V45: =IF(U45<>"", SUMIF(Bets!$D:$D, U45, Bets!AE:AE), "") | Z45: =IF(Y45<>"", SUMIF(Bets!$D:$D, Y45, Bets!AF:AF), "") | AD45: =IF(AC45<>"", SUMIF(Bets!$D:$D, AC45, Bets!AG:AG), "")
A46: =IFERROR(__xludf.DUMMYFUNCTION("""COMPUTED_VALUE"""),45827.0) -> 45827 | B46: =IF(A46<>"", SUMIF(Bets!$D:$D, A46, Bets!Z:Z), "") -> 2.886 | E46: =IFERROR(__xludf.DUMMYFUNCTION("""COMPUTED_VALUE"""),45274.0) -> 45274 | F46: =IF(E46<>"", SUMIF(Bets!$D:$D, E46, Bets!AB:AB), "") -> 0.288 | I46: =IFERROR(__xludf.DUMMYFUNCTION("""COMPUTED_VALUE"""),45827.0) -> 45827 | J46: =IF(I46<>"", SUMIF(Bets!$D:$D, I46, Bets!AA:AA), "") -> 1.924 | R46: =IF(Q46<>"", SUMIF(Bets!$D:$D, Q46, Bets!AD:AD), "") | V46: =IF(U46<>"", SUMIF(Bets!$D:$D, U46, Bets!AE:AE), "") | Z46: =IF(Y46<>"", SUMIF(Bets!$D:$D, Y46, Bets!AF:AF), "") | AD46: =IF(AC46<>"", SUMIF(Bets!$D:$D, AC46, Bets!AG:AG), "")
A47: =IFERROR(__xludf.DUMMYFUNCTION("""COMPUTED_VALUE"""),45697.0) -> 45697 | B47: =IF(A47<>"", SUMIF(Bets!$D:$D, A47, Bets!Z:Z), "") -> -19.04 | E47: =IFERROR(__xludf.DUMMYFUNCTION("""COMPUTED_VALUE"""),45271.0) -> 45271 | F47: =IF(E47<>"", SUMIF(Bets!$D:$D, E47, Bets!AB:AB), "") -> -10.5 | I47: =IFERROR(__xludf.DUMMYFUNCTION("""COMPUTED_VALUE"""),45697.0) -> 45697 | J47: =IF(I47<>"", SUMIF(Bets!$D:$D, I47, Bets!AA:AA), "") -> -34.58 | R47: =IF(Q47<>"", SUMIF(Bets!$D:$D, Q47, Bets!AD:AD), "") | V47: =IF(U47<>"", SUMIF(Bets!$D:$D, U47, Bets!AE:AE), "") | Z47: =IF(Y47<>"", SUMIF(Bets!$D:$D, Y47, Bets!AF:AF), "") | AD47: =IF(AC47<>"", SUMIF(Bets!$D:$D, AC47, Bets!AG:AG), "")
A48: =IFERROR(__xludf.DUMMYFUNCTION("""COMPUTED_VALUE"""),45676.0) -> 45676 | B48: =IF(A48<>"", SUMIF(Bets!$D:$D, A48, Bets!Z:Z), "") -> 9.495 | E48: =IFERROR(__xludf.DUMMYFUNCTION("""COMPUTED_VALUE"""),45270.0) -> 45270 | F48: =IF(E48<>"", SUMIF(Bets!$D:$D, E48, Bets!AB:AB), "") -> -13.90489 | I48: =IFERROR(__xludf.DUMMYFUNCTION("""COMPUTED_VALUE"""),45676.0) -> 45676 | J48: =IF(I48<>"", SUMIF(Bets!$D:$D, I48, Bets!AA:AA), "") -> 9.495 | R48: =IF(Q48<>"", SUMIF(Bets!$D:$D, Q48, Bets!AD:AD), "") | V48: =IF(U48<>"", SUMIF(Bets!$D:$D, U48, Bets!AE:AE), "") | Z48: =IF(Y48<>"", SUMIF(Bets!$D:$D, Y48, Bets!AF:AF), "") | AD48: =IF(AC48<>"", SUMIF(Bets!$D:$D, AC48, Bets!AG:AG), "")
A49: =IFERROR(__xludf.DUMMYFUNCTION("""COMPUTED_VALUE"""),45675.0) -> 45675 | B49: =IF(A49<>"", SUMIF(Bets!$D:$D, A49, Bets!Z:Z), "") -> -4.816 | E49: =IFERROR(__xludf.DUMMYFUNCTION("""COMPUTED_VALUE"""),45269.0) -> 45269 | F49: =IF(E49<>"", SUMIF(Bets!$D:$D, E49, Bets!AB:AB), "") -> -4 | I49: =IFERROR(__xludf.DUMMYFUNCTION("""COMPUTED_VALUE"""),45675.0) -> 45675 | J49: =IF(I49<>"", SUMIF(Bets!$D:$D, I49, Bets!AA:AA), "") -> -12.224 | R49: =IF(Q49<>"", SUMIF(Bets!$D:$D, Q49, Bets!AD:AD), "") | V49: =IF(U49<>"", SUMIF(Bets!$D:$D, U49, Bets!AE:AE), "") | Z49: =IF(Y49<>"", SUMIF(Bets!$D:$D, Y49, Bets!AF:AF), "") | AD49: =IF(AC49<>"", SUMIF(Bets!$D:$D, AC49, Bets!AG:AG), "")
A50: =IFERROR(__xludf.DUMMYFUNCTION("""COMPUTED_VALUE"""),45669.0) -> 45669 | B50: =IF(A50<>"", SUMIF(Bets!$D:$D, A50, Bets!Z:Z), "") -> -5.004 | E50: =IFERROR(__xludf.DUMMYFUNCTION("""COMPUTED_VALUE"""),45268.0) -> 45268 | F50: =IF(E50<>"", SUMIF(Bets!$D:$D, E50, Bets!AB:AB), "") -> 2.8757143 | I50: =IFERROR(__xludf.DUMMYFUNCTION("""COMPUTED_VALUE"""),45669.0) -> 45669 | J50: =IF(I50<>"", SUMIF(Bets!$D:$D, I50, Bets!AA:AA), "") -> -5.456 | R50: =IF(Q50<>"", SUMIF(Bets!$D:$D, Q50, Bets!AD:AD), "") | V50: =IF(U50<>"", SUMIF(Bets!$D:$D, U50, Bets!AE:AE), "") | Z50: =IF(Y50<>"", SUMIF(Bets!$D:$D, Y50, Bets!AF:AF), "") | AD50: =IF(AC50<>"", SUMIF(Bets!$D:$D, AC50, Bets!AG:AG), "")
A51: =IFERROR(__xludf.DUMMYFUNCTION("""COMPUTED_VALUE"""),45668.0) -> 45668 | B51: =IF(A51<>"", SUMIF(Bets!$D:$D, A51, Bets!Z:Z), "") -> -6.40625 | E51: =IFERROR(__xludf.DUMMYFUNCTION("""COMPUTED_VALUE"""),45267.0) -> 45267 | F51: =IF(E51<>"", SUMIF(Bets!$D:$D, E51, Bets!AB:AB), "") -> -3.28 | I51: =IFERROR(__xludf.DUMMYFUNCTION("""COMPUTED_VALUE"""),45668.0) -> 45668 | J51: =IF(I51<>"", SUMIF(Bets!$D:$D, I51, Bets!AA:AA), "") -> -3.88375 | R51: =IF(Q51<>"", SUMIF(Bets!$D:$D, Q51, Bets!AD:AD), "") | V51: =IF(U51<>"", SUMIF(Bets!$D:$D, U51, Bets!AE:AE), "") | Z51: =IF(Y51<>"", SUMIF(Bets!$D:$D, Y51, Bets!AF:AF), "") | AD51: =IF(AC51<>"", SUMIF(Bets!$D:$D, AC51, Bets!AG:AG), "")
A52: =IFERROR(__xludf.DUMMYFUNCTION("""COMPUTED_VALUE"""),45655.0) -> 45655 | B52: =IF(A52<>"", SUMIF(Bets!$D:$D, A52, Bets!Z:Z), "") -> 0.848 | E52: =IFERROR(__xludf.DUMMYFUNCTION("""COMPUTED_VALUE"""),45266.0) -> 45266 | F52: =IF(E52<>"", SUMIF(Bets!$D:$D, E52, Bets!AB:AB), "") -> -2.8166667 | I52: =IFERROR(__xludf.DUMMYFUNCTION("""COMPUTED_VALUE"""),45655.0) -> 45655 | J52: =IF(I52<>"", SUMIF(Bets!$D:$D, I52, Bets!AA:AA), "") -> 0.272 | R52: =IF(Q52<>"", SUMIF(Bets!$D:$D, Q52, Bets!AD:AD), "") | V52: =IF(U52<>"", SUMIF(Bets!$D:$D, U52, Bets!AE:AE), "") | Z52: =IF(Y52<>"", SUMIF(Bets!$D:$D, Y52, Bets!AF:AF), "") | AD52: =IF(AC52<>"", SUMIF(Bets!$D:$D, AC52, Bets!AG:AG), "")
A53: =IFERROR(__xludf.DUMMYFUNCTION("""COMPUTED_VALUE"""),45654.0) -> 45654 | B53: =IF(A53<>"", SUMIF(Bets!$D:$D, A53, Bets!Z:Z), "") -> 6.061 | E53: =IFERROR(__xludf.DUMMYFUNCTION("""COMPUTED_VALUE"""),45265.0) -> 45265 | F53: =IF(E53<>"", SUMIF(Bets!$D:$D, E53, Bets!AB:AB), "") -> -7.83 | I53: =IFERROR(__xludf.DUMMYFUNCTION("""COMPUTED_VALUE"""),45654.0) -> 45654 | J53: =IF(I53<>"", SUMIF(Bets!$D:$D, I53, Bets!AA:AA), "") -> 12.149 | R53: =IF(Q53<>"", SUMIF(Bets!$D:$D, Q53, Bets!AD:AD), "") | V53: =IF(U53<>"", SUMIF(Bets!$D:$D, U53, Bets!AE:AE), "") | Z53: =IF(Y53<>"", SUMIF(Bets!$D:$D, Y53, Bets!AF:AF), "") | AD53: =IF(AC53<>"", SUMIF(Bets!$D:$D, AC53, Bets!AG:AG), "")
A54: =IFERROR(__xludf.DUMMYFUNCTION("""COMPUTED_VALUE"""),45652.0) -> 45652 | B54: =IF(A54<>"", SUMIF(Bets!$D:$D, A54, Bets!Z:Z), "") -> -8 | E54: =IFERROR(__xludf.DUMMYFUNCTION("""COMPUTED_VALUE"""),45264.0) -> 45264 | F54: =IF(E54<>"", SUMIF(Bets!$D:$D, E54, Bets!AB:AB), "") -> -5 | I54: =IFERROR(__xludf.DUMMYFUNCTION("""COMPUTED_VALUE"""),45652.0) -> 45652 | J54: =IF(I54<>"", SUMIF(Bets!$D:$D, I54, Bets!AA:AA), "") -> -10 | R54: =IF(Q54<>"", SUMIF(Bets!$D:$D, Q54, Bets!AD:AD), "") | V54: =IF(U54<>"", SUMIF(Bets!$D:$D, U54, Bets!AE:AE), "") | Z54: =IF(Y54<>"", SUMIF(Bets!$D:$D, Y54, Bets!AF:AF), "") | AD54: =IF(AC54<>"", SUMIF(Bets!$D:$D, AC54, Bets!AG:AG), "")
A55: =IFERROR(__xludf.DUMMYFUNCTION("""COMPUTED_VALUE"""),45651.0) -> 45651 | B55: =IF(A55<>"", SUMIF(Bets!$D:$D, A55, Bets!Z:Z), "") -> -11 | E55: =IFERROR(__xludf.DUMMYFUNCTION("""COMPUTED_VALUE"""),45263.0) -> 45263 | F55: =IF(E55<>"", SUMIF(Bets!$D:$D, E55, Bets!AB:AB), "") -> -7.9701538 | I55: =IFERROR(__xludf.DUMMYFUNCTION("""COMPUTED_VALUE"""),45651.0) -> 45651 | J55: =IF(I55<>"", SUMIF(Bets!$D:$D, I55, Bets!AA:AA), "") -> -14 | R55: =IF(Q55<>"", SUMIF(Bets!$D:$D, Q55, Bets!AD:AD), "") | V55: =IF(U55<>"", SUMIF(Bets!$D:$D, U55, Bets!AE:AE), "") | Z55: =IF(Y55<>"", SUMIF(Bets!$D:$D, Y55, Bets!AF:AF), "") | AD55: =IF(AC55<>"", SUMIF(Bets!$D:$D, AC55, Bets!AG:AG), "")
A56: =IFERROR(__xludf.DUMMYFUNCTION("""COMPUTED_VALUE"""),45649.0) -> 45649 | B56: =IF(A56<>"", SUMIF(Bets!$D:$D, A56, Bets!Z:Z), "") -> -7.225 | E56: =IFERROR(__xludf.DUMMYFUNCTION("""COMPUTED_VALUE"""),45262.0) -> 45262 | F56: =IF(E56<>"", SUMIF(Bets!$D:$D, E56, Bets!AB:AB), "") -> 4.136 | I56: =IFERROR(__xludf.DUMMYFUNCTION("""COMPUTED_VALUE"""),45649.0) -> 45649 | J56: =IF(I56<>"", SUMIF(Bets!$D:$D, I56, Bets!AA:AA), "") -> -8.225 | R56: =IF(Q56<>"", SUMIF(Bets!$D:$D, Q56, Bets!AD:AD), "") | V56: =IF(U56<>"", SUMIF(Bets!$D:$D, U56, Bets!AE:AE), "") | Z56: =IF(Y56<>"", SUMIF(Bets!$D:$D, Y56, Bets!AF:AF), "") | AD56: =IF(AC56<>"", SUMIF(Bets!$D:$D, AC56, Bets!AG:AG), "")
A57: =IFERROR(__xludf.DUMMYFUNCTION("""COMPUTED_VALUE"""),45645.0) -> 45645 | B57: =IF(A57<>"", SUMIF(Bets!$D:$D, A57, Bets!Z:Z), "") -> 9.112 | E57: =IFERROR(__xludf.DUMMYFUNCTION("""COMPUTED_VALUE"""),45261.0) -> 45261 | F57: =IF(E57<>"", SUMIF(Bets!$D:$D, E57, Bets!AB:AB), "") -> 0.89690476 | I57: =IFERROR(__xludf.DUMMYFUNCTION("""COMPUTED_VALUE"""),45645.0) -> 45645 | J57: =IF(I57<>"", SUMIF(Bets!$D:$D, I57, Bets!AA:AA), "") -> 15.268 | R57: =IF(Q57<>"", SUMIF(Bets!$D:$D, Q57, Bets!AD:AD), "") | V57: =IF(U57<>"", SUMIF(Bets!$D:$D, U57, Bets!AE:AE), "") | Z57: =IF(Y57<>"", SUMIF(Bets!$D:$D, Y57, Bets!AF:AF), "") | AD57: =IF(AC57<>"", SUMIF(Bets!$D:$D, AC57, Bets!AG:AG), "")
A58: =IFERROR(__xludf.DUMMYFUNCTION("""COMPUTED_VALUE"""),45642.0) -> 45642 | B58: =IF(A58<>"", SUMIF(Bets!$D:$D, A58, Bets!Z:Z), "") -> 4.56 | E58: =IFERROR(__xludf.DUMMYFUNCTION("""COMPUTED_VALUE"""),45260.0) -> 45260 | F58: =IF(E58<>"", SUMIF(Bets!$D:$D, E58, Bets!AB:AB), "") -> 1.73 | I58: =IFERROR(__xludf.DUMMYFUNCTION("""COMPUTED_VALUE"""),45642.0) -> 45642 | J58: =IF(I58<>"", SUMIF(Bets!$D:$D, I58, Bets!AA:AA), "") -> 8.88 | R58: =IF(Q58<>"", SUMIF(Bets!$D:$D, Q58, Bets!AD:AD), "") | V58: =IF(U58<>"", SUMIF(Bets!$D:$D, U58, Bets!AE:AE), "") | Z58: =IF(Y58<>"", SUMIF(Bets!$D:$D, Y58, Bets!AF:AF), "") | AD58: =IF(AC58<>"", SUMIF(Bets!$D:$D, AC58, Bets!AG:AG), "")
A59: =IFERROR(__xludf.DUMMYFUNCTION("""COMPUTED_VALUE"""),45638.0) -> 45638 | B59: =IF(A59<>"", SUMIF(Bets!$D:$D, A59, Bets!Z:Z), "") -> -3.1 | E59: =IFERROR(__xludf.DUMMYFUNCTION("""COMPUTED_VALUE"""),45259.0) -> 45259 | F59: =IF(E59<>"", SUMIF(Bets!$D:$D, E59, Bets!AB:AB), "") -> -4.8485714 | I59: =IFERROR(__xludf.DUMMYFUNCTION("""COMPUTED_VALUE"""),45638.0) -> 45638 | J59: =IF(I59<>"", SUMIF(Bets!$D:$D, I59, Bets!AA:AA), "") -> -0.5 | R59: =IF(Q59<>"", SUMIF(Bets!$D:$D, Q59, Bets!AD:AD), "") | V59: =IF(U59<>"", SUMIF(Bets!$D:$D, U59, Bets!AE:AE), "") | Z59: =IF(Y59<>"", SUMIF(Bets!$D:$D, Y59, Bets!AF:AF), "") | AD59: =IF(AC59<>"", SUMIF(Bets!$D:$D, AC59, Bets!AG:AG), "")
A60: =IFERROR(__xludf.DUMMYFUNCTION("""COMPUTED_VALUE"""),45635.0) -> 45635 | B60: =IF(A60<>"", SUMIF(Bets!$D:$D, A60, Bets!Z:Z), "") -> 8.075 | E60: =IFERROR(__xludf.DUMMYFUNCTION("""COMPUTED_VALUE"""),45258.0) -> 45258 | F60: =IF(E60<>"", SUMIF(Bets!$D:$D, E60, Bets!AB:AB), "") -> 1.225 | I60: =IFERROR(__xludf.DUMMYFUNCTION("""COMPUTED_VALUE"""),45635.0) -> 45635 | J60: =IF(I60<>"", SUMIF(Bets!$D:$D, I60, Bets!AA:AA), "") -> 10.325 | R60: =IF(Q60<>"", SUMIF(Bets!$D:$D, Q60, Bets!AD:AD), "") | V60: =IF(U60<>"", SUMIF(Bets!$D:$D, U60, Bets!AE:AE), "") | Z60: =IF(Y60<>"", SUMIF(Bets!$D:$D, Y60, Bets!AF:AF), "") | AD60: =IF(AC60<>"", SUMIF(Bets!$D:$D, AC60, Bets!AG:AG), "")
A61: =IFERROR(__xludf.DUMMYFUNCTION("""COMPUTED_VALUE"""),45628.0) -> 45628 | B61: =IF(A61<>"", SUMIF(Bets!$D:$D, A61, Bets!Z:Z), "") -> -2.8 | E61: =IFERROR(__xludf.DUMMYFUNCTION("""COMPUTED_VALUE"""),45257.0) -> 45257 | F61: =IF(E61<>"", SUMIF(Bets!$D:$D, E61, Bets!AB:AB), "") -> -0.433 | I61: =IFERROR(__xludf.DUMMYFUNCTION("""COMPUTED_VALUE"""),45628.0) -> 45628 | J61: =IF(I61<>"", SUMIF(Bets!$D:$D, I61, Bets!AA:AA), "") -> -3.7 | R61: =IF(Q61<>"", SUMIF(Bets!$D:$D, Q61, Bets!AD:AD), "") | V61: =IF(U61<>"", SUMIF(Bets!$D:$D, U61, Bets!AE:AE), "") | Z61: =IF(Y61<>"", SUMIF(Bets!$D:$D, Y61, Bets!AF:AF), "") | AD61: =IF(AC61<>"", SUMIF(Bets!$D:$D, AC61, Bets!AG:AG), "")
A62: =IFERROR(__xludf.DUMMYFUNCTION("""COMPUTED_VALUE"""),45627.0) -> 45627 | B62: =IF(A62<>"", SUMIF(Bets!$D:$D, A62, Bets!Z:Z), "") -> -0.57142857 | E62: =IFERROR(__xludf.DUMMYFUNCTION("""COMPUTED_VALUE"""),45256.0) -> 45256 | F62: =IF(E62<>"", SUMIF(Bets!$D:$D, E62, Bets!AB:AB), "") -> -0.22643137 | I62: =IFERROR(__xludf.DUMMYFUNCTION("""COMPUTED_VALUE"""),45627.0) -> 45627 | J62: =IF(I62<>"", SUMIF(Bets!$D:$D, I62, Bets!AA:AA), "") -> -2.9485714 | R62: =IF(Q62<>"", SUMIF(Bets!$D:$D, Q62, Bets!AD:AD), "") | V62: =IF(U62<>"", SUMIF(Bets!$D:$D, U62, Bets!AE:AE), "") | Z62: =IF(Y62<>"", SUMIF(Bets!$D:$D, Y62, Bets!AF:AF), "") | AD62: =IF(AC62<>"", SUMIF(Bets!$D:$D, AC62, Bets!AG:AG), "")
A63: =IFERROR(__xludf.DUMMYFUNCTION("""COMPUTED_VALUE"""),45624.0) -> 45624 | B63: =IF(A63<>"", SUMIF(Bets!$D:$D, A63, Bets!Z:Z), "") -> 4.768 | E63: =IFERROR(__xludf.DUMMYFUNCTION("""COMPUTED_VALUE"""),45255.0) -> 45255 | F63: =IF(E63<>"", SUMIF(Bets!$D:$D, E63, Bets!AB:AB), "") -> -2 | I63: =IFERROR(__xludf.DUMMYFUNCTION("""COMPUTED_VALUE"""),45624.0) -> 45624 | J63: =IF(I63<>"", SUMIF(Bets!$D:$D, I63, Bets!AA:AA), "") -> 3.402 | R63: =IF(Q63<>"", SUMIF(Bets!$D:$D, Q63, Bets!AD:AD), "") | V63: =IF(U63<>"", SUMIF(Bets!$D:$D, U63, Bets!AE:AE), "") | Z63: =IF(Y63<>"", SUMIF(Bets!$D:$D, Y63, Bets!AF:AF), "") | AD63: =IF(AC63<>"", SUMIF(Bets!$D:$D, AC63, Bets!AG:AG), "")
A64: =IFERROR(__xludf.DUMMYFUNCTION("""COMPUTED_VALUE"""),45621.0) -> 45621 | B64: =IF(A64<>"", SUMIF(Bets!$D:$D, A64, Bets!Z:Z), "") -> -6 | E64: =IFERROR(__xludf.DUMMYFUNCTION("""COMPUTED_VALUE"""),45254.0) -> 45254 | F64: =IF(E64<>"", SUMIF(Bets!$D:$D, E64, Bets!AB:AB), "") -> -1 | I64: =IFERROR(__xludf.DUMMYFUNCTION("""COMPUTED_VALUE"""),45621.0) -> 45621 | J64: =IF(I64<>"", SUMIF(Bets!$D:$D, I64, Bets!AA:AA), "") -> -6 | R64: =IF(Q64<>"", SUMIF(Bets!$D:$D, Q64, Bets!AD:AD), "") | V64: =IF(U64<>"", SUMIF(Bets!$D:$D, U64, Bets!AE:AE), "") | Z64: =IF(Y64<>"", SUMIF(Bets!$D:$D, Y64, Bets!AF:AF), "") | AD64: =IF(AC64<>"", SUMIF(Bets!$D:$D, AC64, Bets!AG:AG), "")
A65: =IFERROR(__xludf.DUMMYFUNCTION("""COMPUTED_VALUE"""),45617.0) -> 45617 | B65: =IF(A65<>"", SUMIF(Bets!$D:$D, A65, Bets!Z:Z), "") -> 1.48 | E65: =IFERROR(__xludf.DUMMYFUNCTION("""COMPUTED_VALUE"""),45253.0) -> 45253 | F65: =IF(E65<>"", SUMIF(Bets!$D:$D, E65, Bets!AB:AB), "") -> 2.3768182 | I65: =IFERROR(__xludf.DUMMYFUNCTION("""COMPUTED_VALUE"""),45617.0) -> 45617 | J65: =IF(I65<>"", SUMIF(Bets!$D:$D, I65, Bets!AA:AA), "") -> 1.48 | R65: =IF(Q65<>"", SUMIF(Bets!$D:$D, Q65, Bets!AD:AD), "") | V65: =IF(U65<>"", SUMIF(Bets!$D:$D, U65, Bets!AE:AE), "") | Z65: =IF(Y65<>"", SUMIF(Bets!$D:$D, Y65, Bets!AF:AF), "") | AD65: =IF(AC65<>"", SUMIF(Bets!$D:$D, AC65, Bets!AG:AG), "")
A66: =IFERROR(__xludf.DUMMYFUNCTION("""COMPUTED_VALUE"""),45614.0) -> 45614 | B66: =IF(A66<>"", SUMIF(Bets!$D:$D, A66, Bets!Z:Z), "") -> -3 | E66: =IFERROR(__xludf.DUMMYFUNCTION("""COMPUTED_VALUE"""),45252.0) -> 45252 | F66: =IF(E66<>"", SUMIF(Bets!$D:$D, E66, Bets!AB:AB), "") -> 1.8905833 | I66: =IFERROR(__xludf.DUMMYFUNCTION("""COMPUTED_VALUE"""),45614.0) -> 45614 | J66: =IF(I66<>"", SUMIF(Bets!$D:$D, I66, Bets!AA:AA), "") -> -3 | R66: =IF(Q66<>"", SUMIF(Bets!$D:$D, Q66, Bets!AD:AD), "") | V66: =IF(U66<>"", SUMIF(Bets!$D:$D, U66, Bets!AE:AE), "") | Z66: =IF(Y66<>"", SUMIF(Bets!$D:$D, Y66, Bets!AF:AF), "") | AD66: =IF(AC66<>"", SUMIF(Bets!$D:$D, AC66, Bets!AG:AG), "")
A67: =IFERROR(__xludf.DUMMYFUNCTION("""COMPUTED_VALUE"""),45613.0) -> 45613 | B67: =IF(A67<>"", SUMIF(Bets!$D:$D, A67, Bets!Z:Z), "") -> -9.24 | E67: =IFERROR(__xludf.DUMMYFUNCTION("""COMPUTED_VALUE"""),45251.0) -> 45251 | F67: =IF(E67<>"", SUMIF(Bets!$D:$D, E67, Bets!AB:AB), "") -> 0.375 | I67: =IFERROR(__xludf.DUMMYFUNCTION("""COMPUTED_VALUE"""),45613.0) -> 45613 | J67: =IF(I67<>"", SUMIF(Bets!$D:$D, I67, Bets!AA:AA), "") -> -14.24 | R67: =IF(Q67<>"", SUMIF(Bets!$D:$D, Q67, Bets!AD:AD), "") | V67: =IF(U67<>"", SUMIF(Bets!$D:$D, U67, Bets!AE:AE), "") | Z67: =IF(Y67<>"", SUMIF(Bets!$D:$D, Y67, Bets!AF:AF), "") | AD67: =IF(AC67<>"", SUMIF(Bets!$D:$D, AC67, Bets!AG:AG), "")
A68: =IFERROR(__xludf.DUMMYFUNCTION("""COMPUTED_VALUE"""),45610.0) -> 45610 | B68: =IF(A68<>"", SUMIF(Bets!$D:$D, A68, Bets!Z:Z), "") -> 6.48 | E68: =IFERROR(__xludf.DUMMYFUNCTION("""COMPUTED_VALUE"""),45250.0) -> 45250 | F68: =IF(E68<>"", SUMIF(Bets!$D:$D, E68, Bets!AB:AB), "") -> -0.049880952 | I68: =IFERROR(__xludf.DUMMYFUNCTION("""COMPUTED_VALUE"""),45610.0) -> 45610 | J68: =IF(I68<>"", SUMIF(Bets!$D:$D, I68, Bets!AA:AA), "") -> 8.92 | R68: =IF(Q68<>"", SUMIF(Bets!$D:$D, Q68, Bets!AD:AD), "") | V68: =IF(U68<>"", SUMIF(Bets!$D:$D, U68, Bets!AE:AE), "") | Z68: =IF(Y68<>"", SUMIF(Bets!$D:$D, Y68, Bets!AF:AF), "") | AD68: =IF(AC68<>"", SUMIF(Bets!$D:$D, AC68, Bets!AG:AG), "")
A69: =IFERROR(__xludf.DUMMYFUNCTION("""COMPUTED_VALUE"""),45607.0) -> 45607 | B69: =IF(A69<>"", SUMIF(Bets!$D:$D, A69, Bets!Z:Z), "") -> -3.805 | E69: =IFERROR(__xludf.DUMMYFUNCTION("""COMPUTED_VALUE"""),45249.0) -> 45249 | F69: =IF(E69<>"", SUMIF(Bets!$D:$D, E69, Bets!AB:AB), "") -> 6.3180769 | I69: =IFERROR(__xludf.DUMMYFUNCTION("""COMPUTED_VALUE"""),45607.0) -> 45607 | J69: =IF(I69<>"", SUMIF(Bets!$D:$D, I69, Bets!AA:AA), "") -> -5.915 | R69: =IF(Q69<>"", SUMIF(Bets!$D:$D, Q69, Bets!AD:AD), "") | V69: =IF(U69<>"", SUMIF(Bets!$D:$D, U69, Bets!AE:AE), "") | Z69: =IF(Y69<>"", SUMIF(Bets!$D:$D, Y69, Bets!AF:AF), "") | AD69: =IF(AC69<>"", SUMIF(Bets!$D:$D, AC69, Bets!AG:AG), "")
A70: =IFERROR(__xludf.DUMMYFUNCTION("""COMPUTED_VALUE"""),45603.0) -> 45603 | B70: =IF(A70<>"", SUMIF(Bets!$D:$D, A70, Bets!Z:Z), "") -> 9.876 | E70: =IFERROR(__xludf.DUMMYFUNCTION("""COMPUTED_VALUE"""),45248.0) -> 45248 | F70: =IF(E70<>"", SUMIF(Bets!$D:$D, E70, Bets!AB:AB), "") -> 2.1991429 | I70: =IFERROR(__xludf.DUMMYFUNCTION("""COMPUTED_VALUE"""),45603.0) -> 45603 | J70: =IF(I70<>"", SUMIF(Bets!$D:$D, I70, Bets!AA:AA), "") -> 12.314 | R70: =IF(Q70<>"", SUMIF(Bets!$D:$D, Q70, Bets!AD:AD), "") | V70: =IF(U70<>"", SUMIF(Bets!$D:$D, U70, Bets!AE:AE), "") | Z70: =IF(Y70<>"", SUMIF(Bets!$D:$D, Y70, Bets!AF:AF), "") | AD70: =IF(AC70<>"", SUMIF(Bets!$D:$D, AC70, Bets!AG:AG), "")
A71: =IFERROR(__xludf.DUMMYFUNCTION("""COMPUTED_VALUE"""),45600.0) -> 45600 | B71: =IF(A71<>"", SUMIF(Bets!$D:$D, A71, Bets!Z:Z), "") -> 2.335 | E71: =IFERROR(__xludf.DUMMYFUNCTION("""COMPUTED_VALUE"""),45243.0) -> 45243 | F71: =IF(E71<>"", SUMIF(Bets!$D:$D, E71, Bets!AB:AB), "") -> -1.642 | I71: =IFERROR(__xludf.DUMMYFUNCTION("""COMPUTED_VALUE"""),45600.0) -> 45600 | J71: =IF(I71<>"", SUMIF(Bets!$D:$D, I71, Bets!AA:AA), "") -> 2.335 | R71: =IF(Q71<>"", SUMIF(Bets!$D:$D, Q71, Bets!AD:AD), "") | V71: =IF(U71<>"", SUMIF(Bets!$D:$D, U71, Bets!AE:AE), "") | Z71: =IF(Y71<>"", SUMIF(Bets!$D:$D, Y71, Bets!AF:AF), "") | AD71: =IF(AC71<>"", SUMIF(Bets!$D:$D, AC71, Bets!AG:AG), "")
A72: =IFERROR(__xludf.DUMMYFUNCTION("""COMPUTED_VALUE"""),45599.0) -> 45599 | B72: =IF(A72<>"", SUMIF(Bets!$D:$D, A72, Bets!Z:Z), "") -> -2.1333333 | E72: =IFERROR(__xludf.DUMMYFUNCTION("""COMPUTED_VALUE"""),45242.0) -> 45242 | F72: =IF(E72<>"", SUMIF(Bets!$D:$D, E72, Bets!AB:AB), "") -> -1.56725 | I72: =IFERROR(__xludf.DUMMYFUNCTION("""COMPUTED_VALUE"""),45599.0) -> 45599 | J72: =IF(I72<>"", SUMIF(Bets!$D:$D, I72, Bets!AA:AA), "") -> -7.0066667 | R72: =IF(Q72<>"", SUMIF(Bets!$D:$D, Q72, Bets!AD:AD), "") | V72: =IF(U72<>"", SUMIF(Bets!$D:$D, U72, Bets!AE:AE), "") | Z72: =IF(Y72<>"", SUMIF(Bets!$D:$D, Y72, Bets!AF:AF), "") | AD72: =IF(AC72<>"", SUMIF(Bets!$D:$D, AC72, Bets!AG:AG), "")
A73: =IFERROR(__xludf.DUMMYFUNCTION("""COMPUTED_VALUE"""),45596.0) -> 45596 | B73: =IF(A73<>"", SUMIF(Bets!$D:$D, A73, Bets!Z:Z), "") -> -8.96 | E73: =IFERROR(__xludf.DUMMYFUNCTION("""COMPUTED_VALUE"""),45241.0) -> 45241 | F73: =IF(E73<>"", SUMIF(Bets!$D:$D, E73, Bets!AB:AB), "") -> 1.908 | I73: =IFERROR(__xludf.DUMMYFUNCTION("""COMPUTED_VALUE"""),45596.0) -> 45596 | J73: =IF(I73<>"", SUMIF(Bets!$D:$D, I73, Bets!AA:AA), "") -> -14.94 | R73: =IF(Q73<>"", SUMIF(Bets!$D:$D, Q73, Bets!AD:AD), "") | V73: =IF(U73<>"", SUMIF(Bets!$D:$D, U73, Bets!AE:AE), "") | Z73: =IF(Y73<>"", SUMIF(Bets!$D:$D, Y73, Bets!AF:AF), "") | AD73: =IF(AC73<>"", SUMIF(Bets!$D:$D, AC73, Bets!AG:AG), "")
A74: =IFERROR(__xludf.DUMMYFUNCTION("""COMPUTED_VALUE"""),45593.0) -> 45593 | B74: =IF(A74<>"", SUMIF(Bets!$D:$D, A74, Bets!Z:Z), "") -> 1.2788571 | E74: =IFERROR(__xludf.DUMMYFUNCTION("""COMPUTED_VALUE"""),45240.0) -> 45240 | F74: =IF(E74<>"", SUMIF(Bets!$D:$D, E74, Bets!AB:AB), "") -> 0.508 | I74: =IFERROR(__xludf.DUMMYFUNCTION("""COMPUTED_VALUE"""),45593.0) -> 45593 | J74: =IF(I74<>"", SUMIF(Bets!$D:$D, I74, Bets!AA:AA), "") -> 3.6211429 | R74: =IF(Q74<>"", SUMIF(Bets!$D:$D, Q74, Bets!AD:AD), "") | V74: =IF(U74<>"", SUMIF(Bets!$D:$D, U74, Bets!AE:AE), "") | Z74: =IF(Y74<>"", SUMIF(Bets!$D:$D, Y74, Bets!AF:AF), "") | AD74: =IF(AC74<>"", SUMIF(Bets!$D:$D, AC74, Bets!AG:AG), "")
A75: =IFERROR(__xludf.DUMMYFUNCTION("""COMPUTED_VALUE"""),45592.0) -> 45592 | B75: =IF(A75<>"", SUMIF(Bets!$D:$D, A75, Bets!Z:Z), "") -> -10.524 | E75: =IFERROR(__xludf.DUMMYFUNCTION("""COMPUTED_VALUE"""),45239.0) -> 45239 | F75: =IF(E75<>"", SUMIF(Bets!$D:$D, E75, Bets!AB:AB), "") -> 5.356 | I75: =IFERROR(__xludf.DUMMYFUNCTION("""COMPUTED_VALUE"""),45592.0) -> 45592 | J75: =IF(I75<>"", SUMIF(Bets!$D:$D, I75, Bets!AA:AA), "") -> -22.076 | R75: =IF(Q75<>"", SUMIF(Bets!$D:$D, Q75, Bets!AD:AD), "") | V75: =IF(U75<>"", SUMIF(Bets!$D:$D, U75, Bets!AE:AE), "") | Z75: =IF(Y75<>"", SUMIF(Bets!$D:$D, Y75, Bets!AF:AF), "") | AD75: =IF(AC75<>"", SUMIF(Bets!$D:$D, AC75, Bets!AG:AG), "")
A76: =IFERROR(__xludf.DUMMYFUNCTION("""COMPUTED_VALUE"""),45589.0) -> 45589 | B76: =IF(A76<>"", SUMIF(Bets!$D:$D, A76, Bets!Z:Z), "") -> -11 | E76: =IFERROR(__xludf.DUMMYFUNCTION("""COMPUTED_VALUE"""),45238.0) -> 45238 | F76: =IF(E76<>"", SUMIF(Bets!$D:$D, E76, Bets!AB:AB), "") -> -3.572 | I76: =IFERROR(__xludf.DUMMYFUNCTION("""COMPUTED_VALUE"""),45589.0) -> 45589 | J76: =IF(I76<>"", SUMIF(Bets!$D:$D, I76, Bets!AA:AA), "") -> -23 | R76: =IF(Q76<>"", SUMIF(Bets!$D:$D, Q76, Bets!AD:AD), "") | V76: =IF(U76<>"", SUMIF(Bets!$D:$D, U76, Bets!AE:AE), "") | Z76: =IF(Y76<>"", SUMIF(Bets!$D:$D, Y76, Bets!AF:AF), "") | AD76: =IF(AC76<>"", SUMIF(Bets!$D:$D, AC76, Bets!AG:AG), "")
A77: =IFERROR(__xludf.DUMMYFUNCTION("""COMPUTED_VALUE"""),45586.0) -> 45586 | B77: =IF(A77<>"", SUMIF(Bets!$D:$D, A77, Bets!Z:Z), "") -> 9.2075 | E77: =IFERROR(__xludf.DUMMYFUNCTION("""COMPUTED_VALUE"""),45236.0) -> 45236 | F77: =IF(E77<>"", SUMIF(Bets!$D:$D, E77, Bets!AB:AB), "") -> 1.3611667 | I77: =IFERROR(__xludf.DUMMYFUNCTION("""COMPUTED_VALUE"""),45586.0) -> 45586 | J77: =IF(I77<>"", SUMIF(Bets!$D:$D, I77, Bets!AA:AA), "") -> 8.9025 | R77: =IF(Q77<>"", SUMIF(Bets!$D:$D, Q77, Bets!AD:AD), "") | V77: =IF(U77<>"", SUMIF(Bets!$D:$D, U77, Bets!AE:AE), "") | Z77: =IF(Y77<>"", SUMIF(Bets!$D:$D, Y77, Bets!AF:AF), "") | AD77: =IF(AC77<>"", SUMIF(Bets!$D:$D, AC77, Bets!AG:AG), "")
A78: =IFERROR(__xludf.DUMMYFUNCTION("""COMPUTED_VALUE"""),45575.0) -> 45575 | B78: =IF(A78<>"", SUMIF(Bets!$D:$D, A78, Bets!Z:Z), "") -> -6.90125 | E78: =IFERROR(__xludf.DUMMYFUNCTION("""COMPUTED_VALUE"""),45235.0) -> 45235 | F78: =IF(E78<>"", SUMIF(Bets!$D:$D, E78, Bets!AB:AB), "") -> 15.22805 | I78: =IFERROR(__xludf.DUMMYFUNCTION("""COMPUTED_VALUE"""),45575.0) -> 45575 | J78: =IF(I78<>"", SUMIF(Bets!$D:$D, I78, Bets!AA:AA), "") -> -9.16875 | R78: =IF(Q78<>"", SUMIF(Bets!$D:$D, Q78, Bets!AD:AD), "") | V78: =IF(U78<>"", SUMIF(Bets!$D:$D, U78, Bets!AE:AE), "") | Z78: =IF(Y78<>"", SUMIF(Bets!$D:$D, Y78, Bets!AF:AF), "") | AD78: =IF(AC78<>"", SUMIF(Bets!$D:$D, AC78, Bets!AG:AG), "")
A79: =IFERROR(__xludf.DUMMYFUNCTION("""COMPUTED_VALUE"""),45572.0) -> 45572 | B79: =IF(A79<>"", SUMIF(Bets!$D:$D, A79, Bets!Z:Z), "") -> -8 | E79: =IFERROR(__xludf.DUMMYFUNCTION("""COMPUTED_VALUE"""),45174.0) -> 45174 | F79: =IF(E79<>"", SUMIF(Bets!$D:$D, E79, Bets!AB:AB), "") -> -5.25 | I79: =IFERROR(__xludf.DUMMYFUNCTION("""COMPUTED_VALUE"""),45572.0) -> 45572 | J79: =IF(I79<>"", SUMIF(Bets!$D:$D, I79, Bets!AA:AA), "") -> -10 | R79: =IF(Q79<>"", SUMIF(Bets!$D:$D, Q79, Bets!AD:AD), "") | V79: =IF(U79<>"", SUMIF(Bets!$D:$D, U79, Bets!AE:AE), "") | Z79: =IF(Y79<>"", SUMIF(Bets!$D:$D, Y79, Bets!AF:AF), "") | AD79: =IF(AC79<>"", SUMIF(Bets!$D:$D, AC79, Bets!AG:AG), "")
A80: =IFERROR(__xludf.DUMMYFUNCTION("""COMPUTED_VALUE"""),45571.0) -> 45571 | B80: =IF(A80<>"", SUMIF(Bets!$D:$D, A80, Bets!Z:Z), "") -> 43.885333 | F80: =IF(E80<>"", SUMIF(Bets!$D:$D, E80, Bets!AB:AB), "") | I80: =IFERROR(__xludf.DUMMYFUNCTION("""COMPUTED_VALUE"""),45571.0) -> 45571 | J80: =IF(I80<>"", SUMIF(Bets!$D:$D, I80, Bets!AA:AA), "") -> 107.34467 | R80: =IF(Q80<>"", SUMIF(Bets!$D:$D, Q80, Bets!AD:AD), "") | V80: =IF(U80<>"", SUMIF(Bets!$D:$D, U80, Bets!AE:AE), "") | Z80: =IF(Y80<>"", SUMIF(Bets!$D:$D, Y80, Bets!AF:AF), "") | AD80: =IF(AC80<>"", SUMIF(Bets!$D:$D, AC80, Bets!AG:AG), "")
A81: =IFERROR(__xludf.DUMMYFUNCTION("""COMPUTED_VALUE"""),45568.0) -> 45568 | B81: =IF(A81<>"", SUMIF(Bets!$D:$D, A81, Bets!Z:Z), "") -> 2.225 | F81: =IF(E81<>"", SUMIF(Bets!$D:$D, E81, Bets!AB:AB), "") | I81: =IFERROR(__xludf.DUMMYFUNCTION("""COMPUTED_VALUE"""),45568.0) -> 45568 | J81: =IF(I81<>"", SUMIF(Bets!$D:$D, I81, Bets!AA:AA), "") -> 4.285 | R81: =IF(Q81<>"", SUMIF(Bets!$D:$D, Q81, Bets!AD:AD), "") | V81: =IF(U81<>"", SUMIF(Bets!$D:$D, U81, Bets!AE:AE), "") | Z81: =IF(Y81<>"", SUMIF(Bets!$D:$D, Y81, Bets!AF:AF), "") | AD81: =IF(AC81<>"", SUMIF(Bets!$D:$D, AC81, Bets!AG:AG), "")
A82: =IFERROR(__xludf.DUMMYFUNCTION("""COMPUTED_VALUE"""),45564.0) -> 45564 | B82: =IF(A82<>"", SUMIF(Bets!$D:$D, A82, Bets!Z:Z), "") -> -6 | F82: =IF(E82<>"", SUMIF(Bets!$D:$D, E82, Bets!AB:AB), "") | I82: =IFERROR(__xludf.DUMMYFUNCTION("""COMPUTED_VALUE"""),45564.0) -> 45564 | J82: =IF(I82<>"", SUMIF(Bets!$D:$D, I82, Bets!AA:AA), "") -> -7 | R82: =IF(Q82<>"", SUMIF(Bets!$D:$D, Q82, Bets!AD:AD), "") | V82: =IF(U82<>"", SUMIF(Bets!$D:$D, U82, Bets!AE:AE), "") | Z82: =IF(Y82<>"", SUMIF(Bets!$D:$D, Y82, Bets!AF:AF), "") | AD82: =IF(AC82<>"", SUMIF(Bets!$D:$D, AC82, Bets!AG:AG), "")
A83: =IFERROR(__xludf.DUMMYFUNCTION("""COMPUTED_VALUE"""),45561.0) -> 45561 | B83: =IF(A83<>"", SUMIF(Bets!$D:$D, A83, Bets!Z:Z), "") -> -4.2 | F83: =IF(E83<>"", SUMIF(Bets!$D:$D, E83, Bets!AB:AB), "") | I83: =IFERROR(__xludf.DUMMYFUNCTION("""COMPUTED_VALUE"""),45561.0) -> 45561 | J83: =IF(I83<>"", SUMIF(Bets!$D:$D, I83, Bets!AA:AA), "") -> -9.4 | R83: =IF(Q83<>"", SUMIF(Bets!$D:$D, Q83, Bets!AD:AD), "") | V83: =IF(U83<>"", SUMIF(Bets!$D:$D, U83, Bets!AE:AE), "") | Z83: =IF(Y83<>"", SUMIF(Bets!$D:$D, Y83, Bets!AF:AF), "") | AD83: =IF(AC83<>"", SUMIF(Bets!$D:$D, AC83, Bets!AG:AG), "")
A84: =IFERROR(__xludf.DUMMYFUNCTION("""COMPUTED_VALUE"""),45558.0) -> 45558 | B84: =IF(A84<>"", SUMIF(Bets!$D:$D, A84, Bets!Z:Z), "") -> -2 | F84: =IF(E84<>"", SUMIF(Bets!$D:$D, E84, Bets!AB:AB), "") | I84: =IFERROR(__xludf.DUMMYFUNCTION("""COMPUTED_VALUE"""),45558.0) -> 45558 | J84: =IF(I84<>"", SUMIF(Bets!$D:$D, I84, Bets!AA:AA), "") -> -2 | R84: =IF(Q84<>"", SUMIF(Bets!$D:$D, Q84, Bets!AD:AD), "") | V84: =IF(U84<>"", SUMIF(Bets!$D:$D, U84, Bets!AE:AE), "") | Z84: =IF(Y84<>"", SUMIF(Bets!$D:$D, Y84, Bets!AF:AF), "") | AD84: =IF(AC84<>"", SUMIF(Bets!$D:$D, AC84, Bets!AG:AG), "")
A85: =IFERROR(__xludf.DUMMYFUNCTION("""COMPUTED_VALUE"""),45556.0) -> 45556 | B85: =IF(A85<>"", SUMIF(Bets!$D:$D, A85, Bets!Z:Z), "") -> -11.043333 | F85: =IF(E85<>"", SUMIF(Bets!$D:$D, E85, Bets!AB:AB), "") | I85: =IFERROR(__xludf.DUMMYFUNCTION("""COMPUTED_VALUE"""),45556.0) -> 45556 | J85: =IF(I85<>"", SUMIF(Bets!$D:$D, I85, Bets!AA:AA), "") -> -10.276667 | R85: =IF(Q85<>"", SUMIF(Bets!$D:$D, Q85, Bets!AD:AD), "") | V85: =IF(U85<>"", SUMIF(Bets!$D:$D, U85, Bets!AE:AE), "") | Z85: =IF(Y85<>"", SUMIF(Bets!$D:$D, Y85, Bets!AF:AF), "") | AD85: =IF(AC85<>"", SUMIF(Bets!$D:$D, AC85, Bets!AG:AG), "")
A86: =IFERROR(__xludf.DUMMYFUNCTION("""COMPUTED_VALUE"""),45554.0) -> 45554 | B86: =IF(A86<>"", SUMIF(Bets!$D:$D, A86, Bets!Z:Z), "") -> -1.75 | F86: =IF(E86<>"", SUMIF(Bets!$D:$D, E86, Bets!AB:AB), "") | I86: =IFERROR(__xludf.DUMMYFUNCTION("""COMPUTED_VALUE"""),45554.0) -> 45554 | J86: =IF(I86<>"", SUMIF(Bets!$D:$D, I86, Bets!AA:AA), "") -> -5.75 | R86: =IF(Q86<>"", SUMIF(Bets!$D:$D, Q86, Bets!AD:AD), "") | V86: =IF(U86<>"", SUMIF(Bets!$D:$D, U86, Bets!AE:AE), "") | Z86: =IF(Y86<>"", SUMIF(Bets!$D:$D, Y86, Bets!AF:AF), "") | AD86: =IF(AC86<>"", SUMIF(Bets!$D:$D, AC86, Bets!AG:AG), "")
A87: =IFERROR(__xludf.DUMMYFUNCTION("""COMPUTED_VALUE"""),45551.0) -> 45551 | B87: =IF(A87<>"", SUMIF(Bets!$D:$D, A87, Bets!Z:Z), "") -> -7 | F87: =IF(E87<>"", SUMIF(Bets!$D:$D, E87, Bets!AB:AB), "") | I87: =IFERROR(__xludf.DUMMYFUNCTION("""COMPUTED_VALUE"""),45551.0) -> 45551 | J87: =IF(I87<>"", SUMIF(Bets!$D:$D, I87, Bets!AA:AA), "") -> -7.5 | R87: =IF(Q87<>"", SUMIF(Bets!$D:$D, Q87, Bets!AD:AD), "") | V87: =IF(U87<>"", SUMIF(Bets!$D:$D, U87, Bets!AE:AE), "") | Z87: =IF(Y87<>"", SUMIF(Bets!$D:$D, Y87, Bets!AF:AF), "") | AD87: =IF(AC87<>"", SUMIF(Bets!$D:$D, AC87, Bets!AG:AG), "")
A88: =IFERROR(__xludf.DUMMYFUNCTION("""COMPUTED_VALUE"""),45550.0) -> 45550 | B88: =IF(A88<>"", SUMIF(Bets!$D:$D, A88, Bets!Z:Z), "") -> -10.98 | F88: =IF(E88<>"", SUMIF(Bets!$D:$D, E88, Bets!AB:AB), "") | I88: =IFERROR(__xludf.DUMMYFUNCTION("""COMPUTED_VALUE"""),45550.0) -> 45550 | J88: =IF(I88<>"", SUMIF(Bets!$D:$D, I88, Bets!AA:AA), "") -> -31.91 | R88: =IF(Q88<>"", SUMIF(Bets!$D:$D, Q88, Bets!AD:AD), "") | V88: =IF(U88<>"", SUMIF(Bets!$D:$D, U88, Bets!AE:AE), "") | Z88: =IF(Y88<>"", SUMIF(Bets!$D:$D, Y88, Bets!AF:AF), "") | AD88: =IF(AC88<>"", SUMIF(Bets!$D:$D, AC88, Bets!AG:AG), "")
A89: =IFERROR(__xludf.DUMMYFUNCTION("""COMPUTED_VALUE"""),45547.0) -> 45547 | B89: =IF(A89<>"", SUMIF(Bets!$D:$D, A89, Bets!Z:Z), "") -> -11.38 | F89: =IF(E89<>"", SUMIF(Bets!$D:$D, E89, Bets!AB:AB), "") | I89: =IFERROR(__xludf.DUMMYFUNCTION("""COMPUTED_VALUE"""),45547.0) -> 45547 | J89: =IF(I89<>"", SUMIF(Bets!$D:$D, I89, Bets!AA:AA), "") -> -25.56 | R89: =IF(Q89<>"", SUMIF(Bets!$D:$D, Q89, Bets!AD:AD), "") | V89: =IF(U89<>"", SUMIF(Bets!$D:$D, U89, Bets!AE:AE), "") | Z89: =IF(Y89<>"", SUMIF(Bets!$D:$D, Y89, Bets!AF:AF), "") | AD89: =IF(AC89<>"", SUMIF(Bets!$D:$D, AC89, Bets!AG:AG), "")
A90: =IFERROR(__xludf.DUMMYFUNCTION("""COMPUTED_VALUE"""),45544.0) -> 45544 | B90: =IF(A90<>"", SUMIF(Bets!$D:$D, A90, Bets!Z:Z), "") -> 4.3707692 | F90: =IF(E90<>"", SUMIF(Bets!$D:$D, E90, Bets!AB:AB), "") | I90: =IFERROR(__xludf.DUMMYFUNCTION("""COMPUTED_VALUE"""),45544.0) -> 45544 | J90: =IF(I90<>"", SUMIF(Bets!$D:$D, I90, Bets!AA:AA), "") -> 16.369231 | R90: =IF(Q90<>"", SUMIF(Bets!$D:$D, Q90, Bets!AD:AD), "") | V90: =IF(U90<>"", SUMIF(Bets!$D:$D, U90, Bets!AE:AE), "") | Z90: =IF(Y90<>"", SUMIF(Bets!$D:$D, Y90, Bets!AF:AF), "") | AD90: =IF(AC90<>"", SUMIF(Bets!$D:$D, AC90, Bets!AG:AG), "")
A91: =IFERROR(__xludf.DUMMYFUNCTION("""COMPUTED_VALUE"""),45543.0) -> 45543 | B91: =IF(A91<>"", SUMIF(Bets!$D:$D, A91, Bets!Z:Z), "") -> -22.5 | F91: =IF(E91<>"", SUMIF(Bets!$D:$D, E91, Bets!AB:AB), "") | I91: =IFERROR(__xludf.DUMMYFUNCTION("""COMPUTED_VALUE"""),45543.0) -> 45543 | J91: =IF(I91<>"", SUMIF(Bets!$D:$D, I91, Bets!AA:AA), "") -> -28.5 | R91: =IF(Q91<>"", SUMIF(Bets!$D:$D, Q91, Bets!AD:AD), "") | V91: =IF(U91<>"", SUMIF(Bets!$D:$D, U91, Bets!AE:AE), "") | Z91: =IF(Y91<>"", SUMIF(Bets!$D:$D, Y91, Bets!AF:AF), "") | AD91: =IF(AC91<>"", SUMIF(Bets!$D:$D, AC91, Bets!AG:AG), "")
A92: =IFERROR(__xludf.DUMMYFUNCTION("""COMPUTED_VALUE"""),45541.0) -> 45541 | B92: =IF(A92<>"", SUMIF(Bets!$D:$D, A92, Bets!Z:Z), "") -> 86.913333 | F92: =IF(E92<>"", SUMIF(Bets!$D:$D, E92, Bets!AB:AB), "") | I92: =IFERROR(__xludf.DUMMYFUNCTION("""COMPUTED_VALUE"""),45541.0) -> 45541 | J92: =IF(I92<>"", SUMIF(Bets!$D:$D, I92, Bets!AA:AA), "") -> 124.56333 | R92: =IF(Q92<>"", SUMIF(Bets!$D:$D, Q92, Bets!AD:AD), "") | V92: =IF(U92<>"", SUMIF(Bets!$D:$D, U92, Bets!AE:AE), "") | Z92: =IF(Y92<>"", SUMIF(Bets!$D:$D, Y92, Bets!AF:AF), "") | AD92: =IF(AC92<>"", SUMIF(Bets!$D:$D, AC92, Bets!AG:AG), "")
A93: =IFERROR(__xludf.DUMMYFUNCTION("""COMPUTED_VALUE"""),45540.0) -> 45540 | B93: =IF(A93<>"", SUMIF(Bets!$D:$D, A93, Bets!Z:Z), "") -> -2.28 | F93: =IF(E93<>"", SUMIF(Bets!$D:$D, E93, Bets!AB:AB), "") | I93: =IFERROR(__xludf.DUMMYFUNCTION("""COMPUTED_VALUE"""),45540.0) -> 45540 | J93: =IF(I93<>"", SUMIF(Bets!$D:$D, I93, Bets!AA:AA), "") -> 42.91 | R93: =IF(Q93<>"", SUMIF(Bets!$D:$D, Q93, Bets!AD:AD), "") | V93: =IF(U93<>"", SUMIF(Bets!$D:$D, U93, Bets!AE:AE), "") | Z93: =IF(Y93<>"", SUMIF(Bets!$D:$D, Y93, Bets!AF:AF), "") | AD93: =IF(AC93<>"", SUMIF(Bets!$D:$D, AC93, Bets!AG:AG), "")
A94: =IFERROR(__xludf.DUMMYFUNCTION("""COMPUTED_VALUE"""),45500.0) -> 45500 | B94: =IF(A94<>"", SUMIF(Bets!$D:$D, A94, Bets!Z:Z), "") -> -1 | F94: =IF(E94<>"", SUMIF(Bets!$D:$D, E94, Bets!AB:AB), "") | I94: =IFERROR(__xludf.DUMMYFUNCTION("""COMPUTED_VALUE"""),45500.0) -> 45500 | J94: =IF(I94<>"", SUMIF(Bets!$D:$D, I94, Bets!AA:AA), "") -> -4 | R94: =IF(Q94<>"", SUMIF(Bets!$D:$D, Q94, Bets!AD:AD), "") | V94: =IF(U94<>"", SUMIF(Bets!$D:$D, U94, Bets!AE:AE), "") | Z94: =IF(Y94<>"", SUMIF(Bets!$D:$D, Y94, Bets!AF:AF), "") | AD94: =IF(AC94<>"", SUMIF(Bets!$D:$D, AC94, Bets!AG:AG), "")
A95: =IFERROR(__xludf.DUMMYFUNCTION("""COMPUTED_VALUE"""),45406.0) -> 45406 | B95: =IF(A95<>"", SUMIF(Bets!$D:$D, A95, Bets!Z:Z), "") -> 3.19 | F95: =IF(E95<>"", SUMIF(Bets!$D:$D, E95, Bets!AB:AB), "") | I95: =IFERROR(__xludf.DUMMYFUNCTION("""COMPUTED_VALUE"""),45406.0) -> 45406 | J95: =IF(I95<>"", SUMIF(Bets!$D:$D, I95, Bets!AA:AA), "") -> 3.79 | R95: =IF(Q95<>"", SUMIF(Bets!$D:$D, Q95, Bets!AD:AD), "") | V95: =IF(U95<>"", SUMIF(Bets!$D:$D, U95, Bets!AE:AE), "") | Z95: =IF(Y95<>"", SUMIF(Bets!$D:$D, Y95, Bets!AF:AF), "") | AD95: =IF(AC95<>"", SUMIF(Bets!$D:$D, AC95, Bets!AG:AG), "")
A96: =IFERROR(__xludf.DUMMYFUNCTION("""COMPUTED_VALUE"""),45405.0) -> 45405 | B96: =IF(A96<>"", SUMIF(Bets!$D:$D, A96, Bets!Z:Z), "") -> -7.57 | F96: =IF(E96<>"", SUMIF(Bets!$D:$D, E96, Bets!AB:AB), "") | I96: =IFERROR(__xludf.DUMMYFUNCTION("""COMPUTED_VALUE"""),45405.0) -> 45405 | J96: =IF(I96<>"", SUMIF(Bets!$D:$D, I96, Bets!AA:AA), "") -> -7.57 | R96: =IF(Q96<>"", SUMIF(Bets!$D:$D, Q96, Bets!AD:AD), "") | V96: =IF(U96<>"", SUMIF(Bets!$D:$D, U96, Bets!AE:AE), "") | Z96: =IF(Y96<>"", SUMIF(Bets!$D:$D, Y96, Bets!AF:AF), "") | AD96: =IF(AC96<>"", SUMIF(Bets!$D:$D, AC96, Bets!AG:AG), "")
A97: =IFERROR(__xludf.DUMMYFUNCTION("""COMPUTED_VALUE"""),45402.0) -> 45402 | B97: =IF(A97<>"", SUMIF(Bets!$D:$D, A97, Bets!Z:Z), "") -> -4 | F97: =IF(E97<>"", SUMIF(Bets!$D:$D, E97, Bets!AB:AB), "") | I97: =IFERROR(__xludf.DUMMYFUNCTION("""COMPUTED_VALUE"""),45402.0) -> 45402 | J97: =IF(I97<>"", SUMIF(Bets!$D:$D, I97, Bets!AA:AA), "") -> -5 | R97: =IF(Q97<>"", SUMIF(Bets!$D:$D, Q97, Bets!AD:AD), "") | V97: =IF(U97<>"", SUMIF(Bets!$D:$D, U97, Bets!AE:AE), "") | Z97: =IF(Y97<>"", SUMIF(Bets!$D:$D, Y97, Bets!AF:AF), "") | AD97: =IF(AC97<>"", SUMIF(Bets!$D:$D, AC97, Bets!AG:AG), "")
A98: =IFERROR(__xludf.DUMMYFUNCTION("""COMPUTED_VALUE"""),45401.0) -> 45401 | B98: =IF(A98<>"", SUMIF(Bets!$D:$D, A98, Bets!Z:Z), "") -> -4.5 | F98: =IF(E98<>"", SUMIF(Bets!$D:$D, E98, Bets!AB:AB), "") | I98: =IFERROR(__xludf.DUMMYFUNCTION("""COMPUTED_VALUE"""),45401.0) -> 45401 | J98: =IF(I98<>"", SUMIF(Bets!$D:$D, I98, Bets!AA:AA), "") -> -6 | R98: =IF(Q98<>"", SUMIF(Bets!$D:$D, Q98, Bets!AD:AD), "") | V98: =IF(U98<>"", SUMIF(Bets!$D:$D, U98, Bets!AE:AE), "") | Z98: =IF(Y98<>"", SUMIF(Bets!$D:$D, Y98, Bets!AF:AF), "") | AD98: =IF(AC98<>"", SUMIF(Bets!$D:$D, AC98, Bets!AG:AG), "")
A99: =IFERROR(__xludf.DUMMYFUNCTION("""COMPUTED_VALUE"""),45399.0) -> 45399 | B99: =IF(A99<>"", SUMIF(Bets!$D:$D, A99, Bets!Z:Z), "") -> -7 | F99: =IF(E99<>"", SUMIF(Bets!$D:$D, E99, Bets!AB:AB), "") | I99: =IFERROR(__xludf.DUMMYFUNCTION("""COMPUTED_VALUE"""),45399.0) -> 45399 | J99: =IF(I99<>"", SUMIF(Bets!$D:$D, I99, Bets!AA:AA), "") -> -11 | R99: =IF(Q99<>"", SUMIF(Bets!$D:$D, Q99, Bets!AD:AD), "") | V99: =IF(U99<>"", SUMIF(Bets!$D:$D, U99, Bets!AE:AE), "") | Z99: =IF(Y99<>"", SUMIF(Bets!$D:$D, Y99, Bets!AF:AF), "") | AD99: =IF(AC99<>"", SUMIF(Bets!$D:$D, AC99, Bets!AG:AG), "")
A100: =IFERROR(__xludf.DUMMYFUNCTION("""COMPUTED_VALUE"""),45398.0) -> 45398 | B100: =IF(A100<>"", SUMIF(Bets!$D:$D, A100, Bets!Z:Z), "") -> -8 | F100: =IF(E100<>"", SUMIF(Bets!$D:$D, E100, Bets!AB:AB), "") | I100: =IFERROR(__xludf.DUMMYFUNCTION("""COMPUTED_VALUE"""),45398.0) -> 45398 | J100: =IF(I100<>"", SUMIF(Bets!$D:$D, I100, Bets!AA:AA), "") -> -11 | R100: =IF(Q100<>"", SUMIF(Bets!$D:$D, Q100, Bets!AD:AD), "") | V100: =IF(U100<>"", SUMIF(Bets!$D:$D, U100, Bets!AE:AE), "") | Z100: =IF(Y100<>"", SUMIF(Bets!$D:$D, Y100, Bets!AF:AF), "") | AD100: =IF(AC100<>"", SUMIF(Bets!$D:$D, AC100, Bets!AG:AG), "")
A101: =IFERROR(__xludf.DUMMYFUNCTION("""COMPUTED_VALUE"""),45392.0) -> 45392 | B101: =IF(A101<>"", SUMIF(Bets!$D:$D, A101, Bets!Z:Z), "") -> 10.6 | F101: =IF(E101<>"", SUMIF(Bets!$D:$D, E101, Bets!AB:AB), "") | I101: =IFERROR(__xludf.DUMMYFUNCTION("""COMPUTED_VALUE"""),45392.0) -> 45392 | J101: =IF(I101<>"", SUMIF(Bets!$D:$D, I101, Bets!AA:AA), "") -> 10.6 | R101: =IF(Q101<>"", SUMIF(Bets!$D:$D, Q101, Bets!AD:AD), "") | V101: =IF(U101<>"", SUMIF(Bets!$D:$D, U101, Bets!AE:AE), "") | Z101: =IF(Y101<>"", SUMIF(Bets!$D:$D, Y101, Bets!AF:AF), "") | AD101: =IF(AC101<>"", SUMIF(Bets!$D:$D, AC101, Bets!AG:AG), "")
...

Sheet Por evento
A1: WOLF | B1: Saldo | C1: Bets +/- | E1: FELIPE | F1: Saldo | G1: Bets +/- | I1: CHOI | J1: Saldo | K1: Bets +/- | M1: JO | N1: Saldo | O1: Bets +/- | Q1: TRIGO | R1: Saldo | S1: Bets +/- | U1: HULYAN | V1: Saldo | W1: Bets +/- | Y1: BUENO | Z1: Saldo | AA1: Bets +/- | AC1: NINHO | AD1: Saldo | AE1: Bets +/-
B2: =SUM('Por data'!B2:B6)+SUM(B5:B996) -> 27.147186 | C2: =SUMIF(C5:C996, "", B5:B996) -> -185.34281 | F2: =SUM('Por data'!F2:F6)+SUM(F5:F996) -> -24.786815 | G2: =SUMIF(G5:G996, "", F5:F996) -> -60.786815 | J2: =SUM('Por data'!J2:J6)+SUM(J5:J996) -> 127.97766 | K2: =SUMIF(K5:K996, "", J5:J996) -> -175.41234 | N2: =SUM('Por data'!N2:N6)+SUM(N5:N996) -> 214.36947 | O2: =SUMIF(O5:O996, "", N5:N996) -> -34.21053 | R2: =SUM('Por data'!R2:R6)+SUM(R5:R996) -> 113.27 | S2: =SUMIF(S5:S996, "", R5:R996) -> -26.5 | V2: =SUM('Por data'!V2:V6)+SUM(V5:V996) -> 0.5825 | W2: =SUMIF(W5:W996, "", V5:V996) -> -10.9975 | Z2: =SUM('Por data'!Z2:Z6)+SUM(Z5:Z996) -> 13.68 | AA2: =SUMIF(AA5:AA996, "", Z5:Z996) -> 0 | AD2: =SUM('Por data'!AD2:AD6)+SUM(AD5:AD996) -> 7.78 | AE2: =SUMIF(AE5:AE996, "", AD5:AD996) -> 0
A3: . | B3: . | C3: . | D3: . | E3: . | F3: . | G3: . | I3: . | J3: . | K3: . | L3: . | M3: . | N3: . | O3: . | P3: . | Q3: . | R3: . | S3: . | T3: . | U3: . | V3: . | W3: . | X3: . | Y3: . | Z3: . | AA3: . | AB3: . | AC3: . | AD3: . | AE3: .
A4: Evento | B4: Valor | E4: Evento | F4: Valor | I4: Evento | J4: Valor | M4: Evento | N4: Valor | Q4: Evento | R4: Valor | U4: Evento | V4: Valor | Y4: Evento | Z4: Valor | AC4: Evento | AD4: Valor
A5: =IFERROR(__xludf.DUMMYFUNCTION("SORT(UNIQUE(FILTER(Bets!$F$5:$F996, Bets!$F$5:$F996<>"""", Bets!Z5:Z996<>"""")),1, TRUE)"),"⚽ 24 MLS") -> ⚽ 24 MLS | B5: =IF(A5<>"", SUMIF(Bets!$F:$F, A5, Bets!Z:Z), "") -> 5.4 | E5: =IFERROR(__xludf.DUMMYFUNCTION("SORT(UNIQUE(FILTER(Bets!$F$5:$F996, Bets!$F$5:$F996<>"""", Bets!AB5:AB996<>"""")),1, TRUE)"),"🏀 23-24 01(Jan)") -> 🏀 23-24 01(Jan) | F5: =IF(E5<>"", SUMIF(Bets!$F:$F, E5, Bets!AB:AB), "") -> -2.6136667 | I5: =IFERROR(__xludf.DUMMYFUNCTION("SORT(UNIQUE(FILTER(Bets!$F$5:$F996, Bets!$F$5:$F996<>"""", Bets!AA5:AA996<>"""")),1, TRUE)"),"⚽ 25 Club WC") -> ⚽ 25 Club WC | J5: =IF(I5<>"", SUMIF(Bets!$F:$F, I5, Bets!AA:AA),) -> -0.076 | M5: =IFERROR(__xludf.DUMMYFUNCTION("SORT(UNIQUE(FILTER(Bets!$F$5:$F996, Bets!$F$5:$F996<>"""", Bets!AC5:AC996<>"""")),1, TRUE)"),"🏀 23-24 12(Dez)") -> 🏀 23-24 12(Dez) | N5: =IF(M5<>"", SUMIF(Bets!$F:$F, M5, Bets!AC:AC), "") -> -7.5 | Q5: =IFERROR(__xludf.DUMMYFUNCTION("IFERROR(UNIQUE(FILTER(Bets!$F$5:$F996, Bets!$F$5:$F996<>"""", Bets!AD5:AD996<>"""")))"),"🏈 23-24 Wk 22 SB") -> 🏈 23-24 Wk 22 SB | R5: =IF(Q5<>"", SUMIF(Bets!$F:$F, Q5, Bets!AD:AD), "") -> -10 | U5: =IFERROR(__xludf.DUMMYFUNCTION("IFERROR(UNIQUE(FILTER(Bets!$F$5:$F996, Bets!$F$5:$F996<>"""", Bets!AE5:AE996<>"""")))"),"🏀 23-24 12(Dez)") -> 🏀 23-24 12(Dez) | V5: =IF(U5<>"", SUMIF(Bets!$F:$F, U5, Bets!AE:AE), "") -> -6 | Y5: =IFERROR(__xludf.DUMMYFUNCTION("IFERROR(UNIQUE(FILTER(Bets!$F$5:$F996, Bets!$F$5:$F996<>"""", Bets!AF5:AF996<>"""")))"),"") | Z5: =IF(Y5<>"", SUMIF(Bets!$F:$F, Y5, Bets!AF:AF), "") | AC5: =IFERROR(__xludf.DUMMYFUNCTION("IFERROR(SORT(UNIQUE(FILTER(Bets!$F$5:$F996, Bets!$F$5:$F996<>"""", Bets!AG5:AG996<>"""")), 1, FALSE), """")"),"") | AD5: =IF(AC5<>"", SUMIF(Bets!$F:$F, AC5, Bets!AG:AG), "")
A6: =IFERROR(__xludf.DUMMYFUNCTION("""COMPUTED_VALUE"""),"⚽ 25 Club WC") -> ⚽ 25 Club WC | B6: =IF(A6<>"", SUMIF(Bets!$F:$F, A6, Bets!Z:Z), "") -> 0.886 | E6: =IFERROR(__xludf.DUMMYFUNCTION("""COMPUTED_VALUE"""),"🏀 23-24 02(Fev)") -> 🏀 23-24 02(Fev) | F6: =IF(E6<>"", SUMIF(Bets!$F:$F, E6, Bets!AB:AB), "") -> -2 | I6: =IFERROR(__xludf.DUMMYFUNCTION("""COMPUTED_VALUE"""),"⚽ 25 FIFA WC") -> ⚽ 25 FIFA WC | J6: =IF(I6<>"", SUMIF(Bets!$F:$F, I6, Bets!AA:AA),) -> 2.88 | M6: =IFERROR(__xludf.DUMMYFUNCTION("""COMPUTED_VALUE"""),"🏈 23-24 Wk 10") -> 🏈 23-24 Wk 10 | N6: =IF(M6<>"", SUMIF(Bets!$F:$F, M6, Bets!AC:AC), "") -> -10 | Q6: =IFERROR(__xludf.DUMMYFUNCTION("""COMPUTED_VALUE"""),"🏈 25-26 wk01") -> 🏈 25-26 wk01 | R6: =IF(Q6<>"", SUMIF(Bets!$F:$F, Q6, Bets!AD:AD), "") -> -2 | U6: =IFERROR(__xludf.DUMMYFUNCTION("""COMPUTED_VALUE"""),"🏈 23-24 Wk 22 SB") -> 🏈 23-24 Wk 22 SB | V6: =IF(U6<>"", SUMIF(Bets!$F:$F, U6, Bets!AE:AE), "") -> -3.3375
A7: =IFERROR(__xludf.DUMMYFUNCTION("""COMPUTED_VALUE"""),"⚽ 25 FIFA WC") -> ⚽ 25 FIFA WC | B7: =IF(A7<>"", SUMIF(Bets!$F:$F, A7, Bets!Z:Z), "") -> 1.92 | E7: =IFERROR(__xludf.DUMMYFUNCTION("""COMPUTED_VALUE"""),"🏀 23-24 11(Nov)") -> 🏀 23-24 11(Nov) | F7: =IF(E7<>"", SUMIF(Bets!$F:$F, E7, Bets!AB:AB), "") -> 3.5047738 | I7: =IFERROR(__xludf.DUMMYFUNCTION("""COMPUTED_VALUE"""),"🏀 23-24 01(Jan)") -> 🏀 23-24 01(Jan) | J7: =IF(I7<>"", SUMIF(Bets!$F:$F, I7, Bets!AA:AA),) -> 15.501 | M7: =IFERROR(__xludf.DUMMYFUNCTION("""COMPUTED_VALUE"""),"🏈 23-24 Wk 11") -> 🏈 23-24 Wk 11 | N7: =IF(M7<>"", SUMIF(Bets!$F:$F, M7, Bets!AC:AC), "") -> -5 | Q7: =IFERROR(__xludf.DUMMYFUNCTION("""COMPUTED_VALUE"""),"🏈 25-26 wk06") -> 🏈 25-26 wk06 | R7: =IF(Q7<>"", SUMIF(Bets!$F:$F, Q7, Bets!AD:AD), "") -> -3 | U7: =IFERROR(__xludf.DUMMYFUNCTION("""COMPUTED_VALUE"""),"🏈 25-26 wk01") -> 🏈 25-26 wk01 | V7: =IF(U7<>"", SUMIF(Bets!$F:$F, U7, Bets!AE:AE), "") -> -1.66
